trialsN,participant,position,validity,Stimulus,response_key,response_rt,response_correct,confidence,confidence_rt,degrees,degrees_uncollapsed,trialsPos
1,6,-1716.0,Valid,signal,1.0,792.5261533001903,1.0,4.0,8.254931400064379,30,-30,1
2,6,1158.0,Invalid,signal,1.0,801.5019037001766,1.0,4.0,6.314007699955255,20,20,1
3,6,-1158.0,Valid,signal,1.0,808.7656439000275,1.0,2.0,3.662731199990958,20,-20,2
4,6,1158.0,Invalid,signal,1.0,813.9983887001872,1.0,4.0,3.2295044001657516,20,20,3
5,6,2274.0,Invalid,signal,0,821.1977423001081,0.0,2.0,7.764609799953178,40,40,1
6,6,-1158.0,Valid,signal,1.0,826.5420127999969,1.0,3.0,3.646628699963912,20,-20,4
7,6,2274.0,Valid,signal,0,832.4454700001515,0.0,1.0,4.446706400020048,40,40,2
8,6,-557.0,Valid,noise,0,836.9748153002001,1.0,4.0,3.812800300074741,10,-10,1
9,6,1716.0,Valid,noise,0,841.6944108000025,1.0,4.0,2.9628373999148607,30,30,2
10,6,-2274.0,Valid,signal,0,845.5342399000656,0.0,3.0,3.0466984999366105,40,-40,3
11,6,-1158.0,Valid,noise,0,850.5425937001128,1.0,3.0,3.679045000113547,20,-20,5
12,6,1716.0,Invalid,signal,1.0,853.9663561000489,1.0,4.0,2.5797931000124663,30,30,3
13,6,-557.0,Valid,signal,0,858.7175916000269,0.0,2.0,3.8630735999904577,10,-10,2
14,6,1158.0,Valid,noise,0,862.366534100147,1.0,3.0,2.512606699950993,20,20,6
15,6,-1158.0,Valid,noise,0,867.1655509001575,1.0,4.0,3.663562099914998,20,-20,7
16,6,-2274.0,Valid,noise,0,871.7101997002028,1.0,4.0,3.4788944001775235,40,-40,4
17,6,-1716.0,Valid,noise,0,876.3016259002034,1.0,3.0,3.612792100058869,30,-30,4
18,6,1158.0,Invalid,noise,0,880.4305502001662,1.0,3.0,3.0466660000383854,20,20,8
19,6,1158.0,Valid,signal,1.0,884.9744278001599,1.0,2.0,4.229501500027254,20,20,9
20,6,-1158.0,Valid,noise,1.0,890.5103767002001,0.0,2.0,4.096446499926969,20,-20,10
21,6,1158.0,Valid,noise,1.0,895.1667334001977,0.0,2.0,3.997018499998376,20,20,11
22,6,557.0,Invalid,signal,0,899.4215387001168,0.0,4.0,2.829688200028613,10,10,3
23,6,557.0,Valid,noise,0,903.5825075001922,1.0,4.0,2.929584400029853,10,10,4
24,6,-1158.0,Valid,noise,0,907.2946874001065,1.0,3.0,2.762397899990902,20,-20,12
25,6,-557.0,Valid,noise,0,910.8304558000528,1.0,3.0,2.5464075000490993,10,-10,5
26,6,-2274.0,Valid,noise,0,914.494417700218,1.0,4.0,2.6793515998870134,40,-40,5
27,6,2274.0,Valid,signal,0,917.9493165002204,0.0,4.0,2.4953284000512213,40,40,6
28,6,1158.0,Valid,noise,0,921.3894752000924,1.0,4.0,2.4463565999176353,20,20,13
29,6,1158.0,Valid,signal,0,924.8136380000506,0.0,4.0,2.3794317999854684,20,20,14
30,6,-1158.0,Valid,signal,1.0,928.3813498001546,1.0,4.0,2.5960925000254065,20,-20,15
31,6,-1716.0,Valid,signal,1.0,932.0305857001804,1.0,3.0,2.661961199948564,30,-30,5
32,6,1158.0,Valid,noise,0,935.5505119001028,1.0,4.0,2.896704700076953,20,20,16
33,6,-557.0,Valid,noise,0,939.5025972002186,1.0,4.0,2.4791713999584317,10,-10,6
34,6,-557.0,Invalid,noise,1.0,943.1656487002036,0.0,1.0,3.7301256000064313,10,-10,7
35,6,-2274.0,Valid,signal,0,947.998093900038,0.0,4.0,2.7795098999049515,40,-40,7
36,6,557.0,Valid,signal,1.0,952.814066400053,1.0,2.0,3.996727399993688,10,10,8
37,6,2274.0,Valid,noise,0,956.8135068002156,1.0,3.0,2.979521999834106,40,40,8
38,6,1716.0,Valid,signal,0,960.3175981000531,0.0,3.0,2.3126348999794573,30,30,6
39,6,-1158.0,Valid,signal,0,963.6777606999968,0.0,2.0,2.679633699823171,20,-20,17
40,6,-1716.0,Valid,noise,1.0,967.6464701001532,0.0,1.0,3.979647000087425,30,-30,7
41,6,1716.0,Valid,noise,0,972.909913700074,1.0,3.0,3.046394099947065,30,30,8
42,6,2274.0,Valid,noise,0,976.4941587999928,1.0,2.0,2.8294609000440687,40,40,9
43,6,-557.0,Valid,noise,0,980.4137600001412,1.0,4.0,2.6459210000466555,10,-10,9
44,6,2274.0,Valid,signal,0,983.9974546001758,0.0,4.0,2.496660399949178,40,40,10
45,6,-1716.0,Valid,signal,1.0,987.3899809001014,1.0,4.0,2.445346200140193,30,-30,9
46,6,-1158.0,Valid,noise,0,990.8300450001844,1.0,3.0,2.362669400172308,20,-20,18
47,6,1716.0,Valid,noise,0,994.3340694000944,1.0,3.0,2.5632424999494106,30,30,10
48,6,557.0,Valid,noise,0,997.9015737001318,1.0,4.0,2.478760299971327,10,10,10
49,6,557.0,Valid,signal,1.0,1001.2939440000335,1.0,4.0,2.47895840019919,10,10,11
50,6,1716.0,Valid,signal,1.0,1004.6697314002084,1.0,4.0,2.2793784998357296,30,30,11
51,6,-1716.0,Invalid,noise,0,1008.0620525002014,1.0,3.0,2.429587099933997,30,-30,12
52,6,-1716.0,Valid,signal,1.0,1011.6781814000568,1.0,4.0,2.59594520018436,30,-30,13
53,6,-2274.0,Valid,noise,0,1015.1494316000026,1.0,4.0,2.5623778000008315,40,-40,11
54,6,-1716.0,Invalid,noise,1.0,1018.9106547001284,0.0,2.0,2.963347899960354,30,-30,14
55,6,-557.0,Invalid,signal,1.0,1022.670607900014,1.0,3.0,2.5458765998482704,10,-10,12
56,6,557.0,Valid,noise,0,1026.093342800159,1.0,4.0,2.2453676001168787,10,10,13
57,6,-557.0,Valid,signal,1.0,1029.3574772002175,1.0,4.0,2.5131787001155317,10,-10,14
58,6,2274.0,Valid,signal,0,1032.9585293000564,0.0,4.0,2.8625637001823634,40,40,12
59,6,-557.0,Valid,noise,0,1036.9107379000634,1.0,4.0,2.6795748998411,10,-10,15
60,6,-2274.0,Valid,signal,0,1040.478001800133,0.0,4.0,2.2627975000068545,40,-40,13
61,6,1158.0,Valid,noise,1.0,1044.3653176000807,0.0,3.0,3.0299565999303013,20,20,19
62,6,1716.0,Valid,signal,1.0,1047.9180292000528,1.0,3.0,2.42924389988184,30,30,15
63,6,-1158.0,Valid,noise,0,1051.1013044000138,1.0,4.0,2.1790966000407934,20,-20,20
64,6,2274.0,Valid,noise,0,1054.334133299999,1.0,4.0,2.2624745999928564,40,40,14
65,6,-1158.0,Invalid,noise,1.0,1057.9657068001106,0.0,3.0,2.5790161001496017,20,-20,21
66,6,1716.0,Valid,noise,0,1061.2943880001549,1.0,4.0,2.3130325998645276,30,30,16
67,6,1158.0,Invalid,noise,0,1064.5264032999985,1.0,4.0,2.2792352999094874,20,20,22
68,6,-557.0,Valid,noise,0,1068.301792200189,1.0,4.0,2.7800258002243936,10,-10,16
69,6,-557.0,Valid,noise,0,1071.710364500061,1.0,4.0,2.412529199849814,10,-10,17
70,6,1716.0,Valid,signal,0,1075.374074100051,0.0,4.0,3.0625215000472963,30,30,17
71,6,-1716.0,Valid,noise,1.0,1079.1819361001253,0.0,2.0,2.5291476000566036,30,-30,18
72,6,557.0,Valid,signal,1.0,1082.7664665000048,1.0,2.0,2.579124899813906,10,10,18
73,6,-1716.0,Valid,noise,0,1086.1893249000425,1.0,4.0,2.329608399886638,30,-30,19
74,6,-2274.0,Valid,noise,0,1089.757212600205,1.0,4.0,2.5629255999810994,40,-40,15
75,6,1716.0,Invalid,noise,0,1093.1813808002044,1.0,3.0,2.4289430999197066,30,30,20
76,6,1158.0,Valid,signal,1.0,1096.7186343001667,1.0,4.0,3.28029129980132,20,20,23
77,6,1158.0,Valid,signal,1.0,1100.845971800154,1.0,3.0,2.362043999833986,20,20,24
78,6,2274.0,Valid,noise,0,1104.286142300116,1.0,3.0,2.4126167001668364,40,40,16
79,6,-1716.0,Valid,signal,1.0,1107.74186690012,1.0,4.0,2.4796520001254976,30,-30,21
80,6,-1158.0,Valid,signal,1.0,1111.054601300042,1.0,4.0,2.3291737001854926,20,-20,25
81,6,557.0,Valid,noise,0,1114.4298419000115,1.0,4.0,2.3628676999360323,10,10,19
82,6,-1716.0,Valid,noise,1.0,1117.7906693001278,0.0,1.0,3.6128146001137793,30,-30,22
83,6,-557.0,Valid,noise,0,1122.9577249002175,1.0,3.0,2.929458700120449,10,-10,20
84,6,557.0,Valid,signal,0,1126.5741540000308,0.0,3.0,2.5298833998385817,10,10,21
85,6,-1158.0,Valid,signal,0,1132.3822815001477,0.0,1.0,5.129934899974614,20,-20,26
86,6,-1158.0,Valid,noise,0,1138.9577543002088,1.0,2.0,5.296813199995086,20,-20,27
87,6,1158.0,Valid,noise,0,1142.5905880001374,1.0,3.0,3.063647500006482,20,20,28
88,6,1716.0,Valid,signal,1.0,1146.3824295999948,1.0,4.0,2.4784017000347376,30,30,23
89,6,-2274.0,Invalid,noise,0,1149.869377600029,1.0,4.0,2.7463237999472767,40,-40,17
90,6,-2274.0,Valid,noise,0,1153.6462052999996,1.0,4.0,2.5130139000248164,40,-40,18
91,6,2274.0,Valid,noise,0,1157.1333392001688,1.0,4.0,2.2455885000526905,40,40,19
92,6,-1716.0,Valid,signal,0,1160.366330299992,0.0,4.0,2.2465598999988288,30,-30,24
93,6,557.0,Valid,signal,1.0,1164.3495764001273,1.0,4.0,3.279427600093186,10,10,22
94,6,-2274.0,Valid,signal,0,1167.9498809000945,0.0,4.0,2.4288520999252796,40,-40,20
95,6,557.0,Valid,signal,1.0,1171.4541463002097,1.0,3.0,2.44626190001145,10,10,23
96,6,1716.0,Valid,noise,1.0,1174.9739970001392,0.0,3.0,2.578785100020468,30,30,25
97,6,2274.0,Invalid,noise,0,1178.542565900134,1.0,4.0,2.512769299792126,40,40,21
98,6,-557.0,Valid,noise,0,1182.1583047001625,1.0,4.0,2.5626836998853832,10,-10,24
99,6,557.0,Invalid,signal,1.0,1185.517880700063,1.0,4.0,2.379996700212359,10,10,25
100,6,2274.0,Valid,signal,0,1188.8462882000022,0.0,4.0,2.2787762999068946,40,40,22
101,6,1716.0,Valid,noise,0,1192.1424047001638,1.0,4.0,3.296242000069469,30,30,26
102,6,1158.0,Valid,noise,0,1196.5900319002103,1.0,4.0,2.5793405000586063,20,20,29
103,6,557.0,Valid,signal,1.0,1200.1103474001866,1.0,4.0,2.4291440998204052,10,10,26
104,6,2274.0,Valid,noise,0,1203.517828800017,1.0,4.0,2.312833599979058,40,40,23
105,6,1158.0,Valid,signal,1.0,1206.7820223001763,1.0,4.0,2.2959165999200195,20,20,30
106,6,-1716.0,Valid,signal,1.0,1210.3653717001434,1.0,3.0,2.7630910000298172,30,-30,27
107,6,-1716.0,Valid,signal,1.0,1213.8858272000216,1.0,3.0,2.312251799972728,30,-30,28
108,6,-2274.0,Valid,signal,0,1217.2295884001069,0.0,4.0,2.663109199842438,40,-40,24
109,6,-557.0,Valid,signal,1.0,1221.0058499001898,1.0,4.0,2.529217899776995,10,-10,27
110,6,2274.0,Valid,signal,0,1224.4296743001323,0.0,3.0,2.3298365001101047,40,40,25
111,6,2274.0,Invalid,noise,0,1227.917400800157,1.0,4.0,2.645403899950906,40,40,26
112,6,-557.0,Invalid,signal,1.0,1231.2931558000855,1.0,4.0,2.1959055000916123,10,-10,28
113,6,-557.0,Invalid,noise,0,1234.9418447001372,1.0,2.0,3.396515800151974,10,-10,29
114,6,-2274.0,Valid,noise,0,1239.9813134002034,1.0,3.0,3.7965184000786394,40,-40,27
115,6,-2274.0,Valid,signal,0,1243.9494025001768,0.0,3.0,3.0466119998600334,40,-40,28
116,6,-557.0,Valid,signal,0,1248.0620685000904,0.0,1.0,4.1962751999963075,10,-10,30
117,6,1158.0,Valid,noise,0,1253.1976561001502,1.0,3.0,2.896275900071487,20,20,31
118,6,1158.0,Valid,signal,1.0,1257.0701825001745,1.0,4.0,2.712566299829632,20,20,32
119,6,557.0,Valid,noise,0,1260.669913600199,1.0,4.0,2.3125329001341015,10,10,31
120,6,1716.0,Invalid,noise,0,1264.0457383000758,1.0,4.0,2.6635579001158476,30,30,29
121,6,1716.0,Valid,noise,0,1267.8863890001085,1.0,3.0,2.6622352998238057,30,30,30
122,6,-557.0,Valid,signal,1.0,1271.358391600195,1.0,4.0,5.530641299905255,10,-10,32
123,6,1716.0,Valid,noise,0,1280.349262200063,1.0,4.0,5.913854799931869,30,30,31
124,6,1716.0,Valid,signal,1.0,1284.846240100218,1.0,3.0,2.562892399961129,30,30,32
125,6,1716.0,Invalid,signal,0,1288.6383836001623,0.0,3.0,2.613082099938765,30,30,33
126,6,557.0,Valid,noise,0,1292.093926800182,1.0,3.0,2.628677000058815,10,10,33
127,6,557.0,Valid,noise,0,1295.6302104000931,1.0,3.0,2.27972329990007,10,10,34
128,6,2274.0,Valid,signal,0,1298.8455945001915,0.0,3.0,2.1794706999789923,40,40,29
129,6,1716.0,Valid,signal,1.0,1302.1093942001462,1.0,4.0,2.3626246999483556,30,30,34
130,6,-1158.0,Valid,noise,0,1305.4063919000328,1.0,3.0,2.3621461000293493,20,-20,33
131,6,-1158.0,Invalid,noise,0,1308.782100000186,1.0,3.0,2.1793575000483543,20,-20,34
132,6,1158.0,Valid,signal,0,1312.0616716002114,0.0,3.0,2.279239600058645,20,20,35
133,6,2274.0,Valid,signal,0,1315.1665716001298,0.0,3.0,2.24573149997741,40,40,30
134,6,1158.0,Valid,signal,0,1318.4624824000057,0.0,3.0,2.163331000134349,20,20,36
135,6,-2274.0,Valid,noise,0,1321.693178600166,1.0,3.0,2.2622273999731988,40,-40,31
136,6,-1716.0,Invalid,signal,0,1324.9103094001766,0.0,3.0,2.262457299977541,30,-30,35
137,6,557.0,Invalid,noise,0,1328.2378631001338,1.0,3.0,2.5963043000083417,10,10,35
138,6,-557.0,Valid,signal,0,1331.9491107000504,0.0,1.0,2.77889860002324,10,-10,36
139,6,-2274.0,Valid,noise,0,1335.5977747000288,1.0,3.0,2.312518199905753,40,-40,32
140,6,557.0,Valid,signal,1.0,1338.8621175000444,1.0,4.0,2.146195200039074,10,10,37
141,6,557.0,Invalid,noise,0,1342.1734096000437,1.0,4.0,2.345214599976316,10,10,38
142,6,1158.0,Valid,signal,0,1346.4143372001126,0.0,2.0,3.7302622999995942,20,20,37
143,6,-1158.0,Valid,noise,0,1350.2215918002184,1.0,3.0,2.3288294998928905,20,-20,38
144,6,-1158.0,Invalid,signal,1.0,1353.597835100023,1.0,3.0,2.429004600038752,20,-20,39
145,6,-1158.0,Invalid,signal,1.0,1357.0065239001997,1.0,3.0,2.379349200055003,20,-20,40
146,6,-1716.0,Valid,noise,0,1360.398471500026,1.0,3.0,2.412894899956882,30,-30,36
147,6,1716.0,Valid,signal,1.0,1364.1252433001064,1.0,3.0,2.663097099866718,30,30,37
148,6,557.0,Valid,noise,0,1367.4372274000198,1.0,3.0,2.7954005000647157,10,10,39
149,6,2274.0,Valid,signal,0,1371.1494752001015,0.0,3.0,2.246168599929661,40,40,33
150,6,2274.0,Valid,noise,0,1374.494159700116,1.0,3.0,2.2790912000928074,40,40,34
151,6,-2274.0,Invalid,noise,0,1377.7892134001013,1.0,3.0,2.3288714000955224,40,-40,35
152,6,2274.0,Valid,noise,1.0,1381.213294300018,0.0,3.0,2.663189399987459,40,40,36
153,6,1716.0,Valid,noise,0,1385.0383541001938,1.0,2.0,3.4796506001148373,30,30,38
154,6,557.0,Valid,noise,0,1389.1821432001889,1.0,3.0,2.1292688997928053,10,10,40
155,6,-2274.0,Valid,signal,0,1392.4773486000486,0.0,4.0,2.41246879985556,40,-40,37
156,6,2274.0,Invalid,signal,0,1395.7897447000723,0.0,4.0,2.3455045002046973,40,40,38
157,6,-557.0,Valid,signal,1.0,1399.230120200198,1.0,4.0,2.6464549999218434,10,-10,41
158,6,-1716.0,Valid,noise,0,1402.8465231000446,1.0,3.0,2.345956099918112,30,-30,39
159,6,-1158.0,Valid,signal,0,1409.5811791000888,0.0,3.0,6.563898499822244,20,-20,41
160,6,-2274.0,Invalid,signal,0,1415.069495700067,0.0,2.0,3.829424499999732,40,-40,39
161,6,1716.0,Valid,signal,0,1418.6697783002164,0.0,3.0,2.545972299994901,30,30,40
162,6,-557.0,Valid,signal,1.0,1422.317238200223,1.0,3.0,2.4794409999158233,10,-10,42
163,6,-2274.0,Invalid,signal,0,1425.6145215001889,0.0,3.0,2.3788799999747425,40,-40,40
164,6,-2274.0,Valid,signal,0,1429.1013859000525,0.0,4.0,3.04664809978567,40,-40,41
165,6,-1716.0,Valid,noise,0,1433.0211561000906,1.0,4.0,2.3466233999934047,30,-30,41
166,6,557.0,Valid,signal,0,1436.285610800143,0.0,1.0,2.895585099933669,10,10,43
167,6,-1716.0,Valid,signal,0,1440.7655844001565,0.0,1.0,3.029664000030607,30,-30,42
168,6,-1158.0,Valid,signal,1.0,1444.397707000142,1.0,4.0,3.0134479999542236,20,-20,42
169,6,-1158.0,Valid,signal,1.0,1448.3343240001705,1.0,4.0,2.545907699968666,20,-20,43
170,6,-557.0,Valid,signal,1.0,1451.7905166000128,1.0,4.0,2.1288665998727083,10,-10,44
171,6,-1716.0,Invalid,signal,1.0,1455.0702084000222,1.0,4.0,2.329394199885428,30,-30,43
172,6,2274.0,Valid,noise,0,1458.4781731001567,1.0,3.0,2.479393099900335,40,40,42
173,6,1158.0,Valid,noise,0,1462.173683400033,1.0,3.0,2.963314700173214,20,20,44
174,6,-2274.0,Valid,signal,0,1465.917499800213,0.0,3.0,2.6461938999127597,40,-40,43
175,6,-2274.0,Valid,noise,1.0,1471.133310600184,0.0,3.0,4.6300639000255615,40,-40,44
176,6,-1716.0,Valid,noise,0,1475.1496805001516,1.0,3.0,2.3120243998710066,30,-30,44
177,6,-2274.0,Valid,noise,0,1683.8209459001664,1.0,4.0,7.711167000001296,40,-40,45
178,6,-557.0,Invalid,signal,0,1688.669130800059,0.0,4.0,2.546374599914998,10,-10,45
179,6,-1158.0,Valid,signal,0,1692.2534310000483,0.0,1.0,2.729279400082305,20,-20,45
180,6,2274.0,Valid,signal,0,1695.9651570001151,0.0,3.0,2.579676399938762,40,40,46
181,6,-2274.0,Valid,signal,0,1699.5650494000874,0.0,3.0,2.246209600009024,40,-40,47
182,6,-2274.0,Valid,noise,0,1702.685296400217,1.0,4.0,2.412505199899897,40,-40,48
183,6,-1716.0,Valid,noise,0,1706.3174609001726,1.0,4.0,2.479886199813336,30,-30,45
184,6,-557.0,Valid,signal,0,1709.7261825001333,0.0,3.0,2.2784567000344396,10,-10,46
185,6,2274.0,Valid,noise,0,1712.990073800087,1.0,4.0,2.7463808997999877,40,40,49
186,6,1716.0,Invalid,signal,0,1717.5021515002009,0.0,3.0,3.029726800043136,30,30,46
187,6,1716.0,Valid,signal,0,1720.7972836000845,0.0,3.0,2.4626596001908183,30,30,47
188,6,2274.0,Valid,noise,1.0,1724.237276500091,0.0,3.0,2.929527600063011,40,40,50
189,6,-1716.0,Invalid,signal,1.0,1728.3970207001548,1.0,3.0,2.5296691998373717,30,-30,48
190,6,-2274.0,Valid,noise,0,1732.2217139001004,1.0,3.0,2.9962821998633444,40,-40,51
191,6,-1716.0,Invalid,noise,0,1735.7417161001358,1.0,2.0,2.4462388998363167,30,-30,49
192,6,-2274.0,Valid,noise,0,1739.1816537000705,1.0,3.0,2.3454726000782102,40,-40,52
193,6,-1158.0,Valid,signal,0,1743.1808750000782,0.0,3.0,3.179935999913141,20,-20,46
194,6,-2274.0,Invalid,noise,0,1746.701087600086,1.0,3.0,2.546134499832988,40,-40,53
195,6,-2274.0,Valid,signal,0,1750.285843600053,0.0,3.0,2.2460120001342148,40,-40,54
196,6,-1158.0,Valid,noise,0,1753.6778335000854,1.0,3.0,2.412904900033027,20,-20,47
197,6,-557.0,Valid,signal,1.0,1756.89312540018,1.0,3.0,2.529865400167182,10,-10,47
198,6,-1158.0,Invalid,signal,1.0,1760.509332000045,1.0,4.0,2.3286270999815315,20,-20,48
199,6,2274.0,Valid,signal,0,1764.077758600004,0.0,3.0,2.7633120000828058,40,40,55
200,6,-1158.0,Valid,signal,0,1767.773000100162,0.0,3.0,2.5788008999079466,20,-20,49
201,6,-1716.0,Valid,signal,0,1771.549276500009,0.0,3.0,2.879784600110725,30,-30,50
202,6,1716.0,Invalid,noise,0,1775.0855842002202,1.0,3.0,2.446073899976909,30,30,51
203,6,1716.0,Valid,noise,0,1778.5422494001689,1.0,3.0,2.262086000060662,30,30,52
204,6,1158.0,Invalid,noise,0,1781.7581739001907,1.0,3.0,2.279230299871415,20,20,50
205,6,557.0,Invalid,noise,0,1785.1333010999952,1.0,3.0,2.279852099949494,10,10,48
206,6,-557.0,Valid,noise,0,1788.3980340000708,1.0,3.0,2.345887599978596,10,-10,49
207,6,557.0,Valid,noise,0,1791.6131997001355,1.0,3.0,2.912708400050178,10,10,50
208,6,-1158.0,Valid,noise,0,1795.581365399994,1.0,3.0,2.229423600016162,20,-20,51
209,6,1716.0,Valid,signal,1.0,1798.9253312000071,1.0,4.0,2.47903860011138,30,30,53
210,6,557.0,Valid,noise,0,1802.2857580001,1.0,4.0,2.279776200186461,10,10,51
211,6,-1158.0,Invalid,noise,0,1805.98154180008,1.0,4.0,2.546359800035134,20,-20,52
212,6,2274.0,Valid,noise,0,1809.1337314001285,1.0,3.0,2.17943080002442,40,40,56
213,6,1716.0,Valid,signal,0,1812.3659339000003,0.0,3.0,2.2460654999595135,30,30,54
214,6,-1716.0,Valid,noise,0,1815.5978418001905,1.0,3.0,2.1624171999283135,30,-30,55
215,6,-2274.0,Invalid,signal,0,1818.7331005001904,0.0,3.0,2.062341900076717,40,-40,57
216,6,557.0,Valid,signal,1.0,1821.805014200043,1.0,3.0,2.2294509999919683,10,10,52
217,6,-2274.0,Valid,noise,0,1824.9899508000815,1.0,3.0,2.5297150001861155,40,-40,58
218,6,-1158.0,Valid,signal,1.0,1828.6049912001472,1.0,3.0,2.445540900109336,20,-20,53
219,6,2274.0,Valid,noise,0,1831.9821964001749,1.0,3.0,2.0127312999684364,40,40,59
220,6,-557.0,Valid,noise,0,1835.0858778001275,1.0,3.0,2.1623720000497997,10,-10,53
221,6,-1716.0,Invalid,noise,0,1838.2055175001733,1.0,3.0,2.195995199959725,30,-30,56
222,6,-557.0,Valid,noise,0,1841.3569077001885,1.0,3.0,2.363110499922186,10,-10,54
223,6,-557.0,Invalid,noise,1.0,1844.9741489000153,0.0,2.0,3.6132185999304056,10,-10,55
224,6,-557.0,Invalid,noise,0,1849.5655261001084,1.0,4.0,2.6456063999794424,10,-10,56
225,6,-2274.0,Valid,signal,0,1853.758109900169,0.0,4.0,3.1804406999144703,40,-40,60
226,6,1158.0,Invalid,signal,0,1857.4374081999997,0.0,3.0,2.3788397999014705,20,20,54
227,6,1716.0,Valid,signal,0,1860.3809330000076,0.0,3.0,1.8954894000198692,30,30,57
228,6,-2274.0,Invalid,noise,0,1863.4211229002103,1.0,3.0,2.063184600090608,40,-40,61
229,6,1716.0,Valid,noise,0,1866.349987100111,1.0,3.0,1.8785595998633653,30,30,58
230,6,1158.0,Valid,signal,0,1869.197582400171,0.0,3.0,1.812384899938479,20,20,55
231,6,2274.0,Valid,signal,0,1872.0938144000247,0.0,3.0,1.9460876998491583,40,40,62
232,6,-557.0,Invalid,signal,0,1874.9259809001817,0.0,3.0,1.7958995001390576,10,-10,57
233,6,557.0,Valid,noise,0,1877.7892058000432,1.0,3.0,1.8121709001716224,10,10,58
234,6,1158.0,Valid,noise,0,1880.6371035000775,1.0,3.0,1.8960610998328775,20,20,56
235,6,2274.0,Valid,noise,0,1883.5169496000744,1.0,3.0,1.895419199950993,40,40,63
236,6,1716.0,Valid,noise,0,1886.6220663001295,1.0,3.0,2.1457050000317395,30,30,59
237,6,-1716.0,Valid,signal,0,1889.8218390000984,0.0,3.0,2.1791407999116927,30,-30,60
238,6,-1158.0,Valid,signal,1.0,1893.0378386001105,1.0,3.0,2.6632232000119984,20,-20,57
239,6,2274.0,Valid,signal,0,1897.054129200056,0.0,2.0,2.629083000123501,40,40,64
240,6,-557.0,Valid,signal,1.0,1900.2862536001485,1.0,4.0,2.3126022999640554,10,-10,59
241,6,-557.0,Valid,noise,1.0,1904.2053172001615,0.0,2.0,3.1300806999206543,10,-10,60
242,6,1716.0,Valid,noise,0,1907.6771481002215,1.0,3.0,2.1789432000368834,30,30,61
243,6,557.0,Valid,signal,1.0,1910.9728877001908,1.0,4.0,2.3790568001568317,10,10,61
244,6,-1158.0,Invalid,signal,1.0,1914.4130284001585,1.0,4.0,2.379598499974236,20,-20,58
245,6,2274.0,Valid,signal,0,1917.773542900104,0.0,3.0,2.228839300107211,40,40,65
246,6,1158.0,Valid,signal,1.0,1921.117580300197,1.0,2.0,2.679626400116831,20,20,59
247,6,1716.0,Valid,signal,1.0,1924.6536338001024,1.0,2.0,2.313071500044316,30,30,62
248,6,1716.0,Valid,noise,0,1928.3657229000237,1.0,3.0,2.895443399902433,30,30,63
249,6,557.0,Valid,signal,1.0,1931.8372912001796,1.0,3.0,2.1960980999283493,10,10,62
250,6,2274.0,Valid,noise,0,1935.038037000224,1.0,2.0,2.9631525999866426,40,40,66
251,6,1158.0,Invalid,signal,1.0,1939.022249700036,1.0,4.0,2.279466399922967,20,20,60
252,6,1716.0,Valid,signal,1.0,1942.3008936000988,1.0,3.0,2.295949500054121,30,30,64
253,6,-557.0,Valid,signal,1.0,1945.517522700131,1.0,3.0,2.162361799972132,10,-10,63
254,6,1158.0,Invalid,noise,0,1948.989999400219,1.0,2.0,2.762946099974215,20,20,61
255,6,1716.0,Valid,signal,1.0,1952.557858000044,1.0,3.0,2.1458655998576432,30,30,65
256,6,-557.0,Valid,noise,1.0,1956.750042100204,0.0,1.0,3.529681900050491,10,-10,64
257,6,557.0,Valid,signal,1.0,1960.189128200058,1.0,4.0,2.2295274001080543,10,10,65
258,6,557.0,Valid,noise,0,1963.5982193001544,1.0,3.0,2.546090000076219,10,10,66
259,6,-557.0,Valid,signal,1.0,1966.9891770000104,1.0,4.0,2.2626887999940664,10,-10,67
260,6,-1158.0,Valid,noise,0,1970.2696734000929,1.0,1.0,2.8293437000829726,20,-20,62
261,6,2274.0,Invalid,noise,0,1974.268846100196,1.0,1.0,2.8964176999870688,40,40,67
262,6,-2274.0,Valid,signal,0,1978.1254124001136,0.0,3.0,2.9464511999394745,40,-40,68
263,6,1716.0,Invalid,noise,1.0,1982.6857747000176,0.0,2.0,3.4967874998692423,30,30,66
264,6,1158.0,Valid,noise,1.0,1987.2937518002,0.0,1.0,3.463036899920553,20,20,63
265,6,-1158.0,Valid,signal,0,1991.0220850000624,0.0,3.0,2.562976199900731,20,-20,64
266,6,557.0,Valid,signal,1.0,1994.621578300139,1.0,4.0,2.3957756999880075,10,10,68
267,6,-1716.0,Valid,noise,0,1998.109120900044,1.0,3.0,2.4296889000106603,30,-30,67
268,6,2274.0,Valid,signal,0,2001.3410954000428,0.0,3.0,2.4627426001243293,40,40,69
269,6,-1158.0,Valid,noise,0,2004.765769300051,1.0,3.0,2.129823099821806,20,-20,65
270,6,-1716.0,Valid,signal,0,2008.4616039001849,0.0,3.0,2.762140699895099,30,-30,68
271,6,-1716.0,Valid,noise,0,2011.6617826002184,1.0,3.0,2.179255000082776,30,-30,69
272,6,1158.0,Valid,noise,0,2014.7981279001103,1.0,3.0,2.0957835998851806,20,20,66
273,6,-1158.0,Valid,signal,0,2018.6061874001753,0.0,3.0,3.029530700063333,20,-20,67
274,6,-1716.0,Valid,noise,0,2022.349424000131,1.0,3.0,2.579547100001946,30,-30,70
275,6,-1716.0,Valid,signal,0,2025.8693522000683,0.0,3.0,2.4294364999514073,30,-30,71
276,6,2274.0,Valid,noise,0,2029.1974486000836,1.0,3.0,2.3287945000920445,40,40,70
277,6,557.0,Valid,noise,0,2032.5417830001095,1.0,3.0,2.679752300027758,10,10,69
278,6,-1158.0,Valid,noise,0,2038.4288804000244,1.0,1.0,4.596952099818736,20,-20,68
279,6,-2274.0,Valid,noise,0,2047.118002400035,1.0,1.0,8.26502769999206,40,-40,71
280,6,-2274.0,Valid,signal,0,2050.669286800083,0.0,1.0,2.4792424000333995,40,-40,72
281,6,-1716.0,Valid,signal,1.0,2054.845605300041,1.0,4.0,3.130208699963987,30,-30,72
282,6,-2274.0,Valid,noise,0,2058.909585400019,1.0,3.0,3.329385899938643,40,-40,73
283,6,-1158.0,Invalid,noise,0,2063.0698997001164,1.0,3.0,2.779143499908969,20,-20,69
284,6,-1158.0,Valid,noise,1.0,2067.020896400092,0.0,1.0,4.046512299915776,20,-20,70
285,6,2274.0,Invalid,noise,0,2071.9658324001357,1.0,3.0,2.6127355999778956,40,40,74
286,6,1716.0,Valid,noise,0,2075.421809000196,1.0,3.0,2.7965079999994487,30,30,73
287,6,-1158.0,Valid,noise,0,2079.437213400146,1.0,3.0,2.595563600072637,20,-20,71
288,6,557.0,Invalid,signal,0,2083.1180118001066,0.0,3.0,3.2960540000349283,10,10,70
289,6,-2274.0,Valid,noise,0,2087.9336552000605,1.0,2.0,3.8468438000418246,40,-40,75
290,6,1158.0,Valid,noise,0,2093.244798900094,1.0,3.0,3.6463126000016928,20,20,72
291,6,1158.0,Valid,signal,0,2098.4300634001847,0.0,3.0,4.296897200169042,20,20,73
292,6,557.0,Invalid,signal,0,2101.9977739001624,0.0,3.0,2.4126973999664187,10,10,71
293,6,557.0,Valid,noise,0,2105.2447300001513,1.0,3.0,2.179574300069362,10,10,72
294,6,1158.0,Valid,signal,0,2108.4453191000503,0.0,3.0,2.245753400027752,20,20,74
295,6,557.0,Valid,noise,0,2111.7734579001553,1.0,3.0,2.429530099965632,10,10,73
296,6,1158.0,Valid,signal,0,2115.1499191001058,0.0,3.0,2.229084099875763,20,20,75
297,6,-1716.0,Invalid,signal,0,2118.8298469001893,0.0,3.0,2.679632799932733,30,-30,74
298,6,-2274.0,Invalid,signal,0,2122.093296700157,0.0,3.0,2.3293146998621523,40,-40,76
299,6,557.0,Valid,noise,0,2125.3735601000953,1.0,3.0,2.146279999986291,10,10,74
300,6,1716.0,Valid,noise,0,2128.7328343000263,1.0,3.0,2.4294884998816997,30,30,75
301,6,-1716.0,Valid,noise,0,2135.6609399002045,1.0,3.0,6.063657299848273,30,-30,76
302,6,1716.0,Valid,signal,1.0,2139.3249807001557,1.0,4.0,2.5963813001289964,30,30,77
303,6,-557.0,Valid,noise,0,2142.813501600176,1.0,3.0,2.412614000029862,10,-10,75
304,6,-2274.0,Valid,signal,0,2146.028774500126,0.0,3.0,2.3464783001691103,40,-40,77
305,6,-557.0,Valid,noise,0,2149.389318900183,1.0,3.0,2.2623833999969065,10,-10,76
306,6,-1158.0,Valid,noise,0,2152.750093600014,1.0,3.0,2.2953723000828177,20,-20,76
307,6,-557.0,Valid,signal,1.0,2156.1252669000532,1.0,4.0,2.546755700139329,10,-10,77
308,6,1158.0,Valid,noise,0,2159.6449204999954,1.0,3.0,2.2953528999350965,20,20,77
309,6,1716.0,Valid,noise,1.0,2166.556847400032,0.0,1.0,7.231086099985987,30,30,78
310,6,-1716.0,Valid,signal,1.0,2171.134052900132,1.0,4.0,2.462592300027609,30,-30,79
311,6,557.0,Valid,signal,1.0,2174.5258454000577,1.0,4.0,2.129478800110519,10,10,78
312,6,2274.0,Valid,noise,0,2177.82148280018,1.0,3.0,2.4633428999222815,40,40,78
313,6,2274.0,Valid,signal,1.0,2181.405806099996,1.0,3.0,2.4621946001425385,40,40,79
314,6,-1716.0,Valid,noise,0,2194.429328000173,1.0,1.0,12.19922069995664,30,-30,80
315,6,-557.0,Valid,signal,0,2198.045246800175,0.0,3.0,3.0135612001176924,10,-10,79
316,6,557.0,Valid,signal,1.0,2202.5738103000913,1.0,3.0,3.095473000081256,10,10,80
317,6,1158.0,Valid,signal,1.0,2206.0454925000668,1.0,3.0,2.4467120999470353,20,20,78
318,6,-557.0,Valid,noise,0,2209.6936849001795,1.0,3.0,2.7625828001182526,10,-10,81
319,6,-1158.0,Valid,signal,0,2213.517655500211,0.0,3.0,2.612329699797556,20,-20,79
320,6,-557.0,Valid,signal,1.0,2217.3095007000957,1.0,4.0,4.23076119995676,10,-10,82
321,6,-1716.0,Valid,signal,1.0,2223.069036500063,1.0,4.0,3.512540699914098,30,-30,81
322,6,2274.0,Valid,signal,0,2226.4130596001633,0.0,3.0,2.162361399969086,40,40,80
323,6,1716.0,Valid,signal,1.0,2229.757211800199,1.0,3.0,2.2470555999316275,30,30,82
324,6,-2274.0,Valid,noise,0,2232.957956300117,1.0,3.0,2.278957099886611,40,-40,81
325,6,1158.0,Valid,noise,0,2236.4933728000615,1.0,2.0,2.5620201001875103,20,20,80
326,6,-557.0,Valid,noise,0,2239.9168345001526,1.0,2.0,2.379612199962139,10,-10,83
327,6,1158.0,Valid,noise,0,2243.325633500004,1.0,2.0,2.379859499866143,20,20,81
328,6,-1158.0,Valid,noise,0,2246.525146700209,1.0,2.0,2.12873989995569,20,-20,82
329,6,-2274.0,Valid,signal,0,2249.6300880000927,0.0,2.0,2.0628082999028265,40,-40,82
330,6,-557.0,Valid,signal,0,2252.73301480012,0.0,3.0,2.078876500017941,10,-10,84
331,6,557.0,Valid,signal,1.0,2256.8608646001667,1.0,3.0,3.5305039000231773,10,10,85
332,6,-1158.0,Valid,signal,0,2260.4129062001593,0.0,3.0,2.6627690999303013,20,-20,83
333,6,1158.0,Valid,signal,0,2264.605970100034,0.0,2.0,3.029151799855754,20,20,84
334,6,2274.0,Valid,signal,0,2271.181969200028,0.0,1.0,5.480443599866703,40,40,83
335,6,-1716.0,Valid,noise,0,2274.973248500144,1.0,3.0,2.6793484000954777,30,-30,83
336,6,-2274.0,Valid,signal,0,2278.268930100138,0.0,3.0,2.06255739997141,40,-40,84
337,6,1158.0,Valid,signal,0,2285.9498299001716,0.0,1.0,7.031271799933165,20,20,85
338,6,557.0,Valid,signal,1.0,2290.6373622000683,1.0,2.0,3.646706599975005,10,10,86
339,6,1158.0,Valid,noise,0,2294.268781400053,1.0,3.0,2.995965100126341,20,20,86
340,6,2274.0,Invalid,signal,0,2298.573115900159,0.0,2.0,3.2964245001785457,40,40,85
341,6,1716.0,Invalid,signal,0,2302.4446914000437,0.0,3.0,2.579711499856785,30,30,84
342,6,1716.0,Valid,noise,0,2305.8539649001323,1.0,3.0,2.0794273000210524,30,30,85
343,6,-1716.0,Valid,signal,1.0,2309.613685000222,1.0,3.0,3.179709499934688,30,-30,86
344,6,1158.0,Valid,noise,0,2313.196610300103,1.0,3.0,2.379596099955961,20,20,87
345,6,2274.0,Valid,noise,0,2316.8297099000774,1.0,1.0,5.0306835998781025,40,40,86
346,6,557.0,Valid,noise,0,2322.652950100135,1.0,3.0,2.2125309999100864,10,10,87
347,6,-1716.0,Valid,signal,0,2325.885855600005,0.0,3.0,2.179388399934396,30,-30,87
348,6,-1716.0,Valid,noise,0,2329.117315400159,1.0,3.0,2.2453296999447048,30,-30,88
349,6,1158.0,Valid,signal,0,2332.108740600059,0.0,3.0,1.9961423000786451,20,20,88
350,6,557.0,Invalid,noise,0,2335.245838600211,1.0,3.0,2.0125370000023395,10,10,88
351,6,-2274.0,Valid,signal,0,2338.397139100125,0.0,3.0,2.1794235000852495,40,-40,87
352,6,2274.0,Invalid,signal,0,2341.229257500032,0.0,3.0,1.7789658000692723,40,40,88
353,6,1716.0,Valid,signal,0,2481.773420600221,0.0,3.0,4.754554099868983,30,30,89
354,6,2274.0,Valid,signal,0,2485.309889000142,0.0,3.0,2.1456444000359625,40,40,89
355,6,-2274.0,Invalid,signal,0,2488.5738318001386,0.0,3.0,2.279389299917966,40,-40,90
356,6,2274.0,Valid,noise,0,2491.6289991000667,1.0,3.0,1.9626981001347303,40,40,91
357,6,-1716.0,Valid,signal,0,2495.9489622002,0.0,3.0,3.380085199838504,30,-30,90
358,6,2274.0,Valid,signal,0,2499.0209684001748,0.0,3.0,2.161779999965802,40,40,92
359,6,1158.0,Valid,noise,0,2502.013672800036,1.0,3.0,1.7962887999601662,20,20,89
360,6,-2274.0,Valid,noise,0,2505.1009449001867,1.0,3.0,2.24560229992494,40,-40,93
361,6,1716.0,Valid,noise,0,2508.1417142001446,1.0,3.0,2.0292952999006957,30,30,91
362,6,557.0,Valid,noise,0,2511.1329803001136,1.0,3.0,1.8624430999625472,10,10,89
363,6,557.0,Valid,noise,0,2513.94916180009,1.0,3.0,1.8126914000604304,10,10,90
364,6,1716.0,Valid,noise,0,2516.9096437001135,1.0,3.0,2.1126763001084328,30,30,92
365,6,1158.0,Valid,signal,0,2519.965379500063,0.0,3.0,1.8625072001013905,20,20,90
366,6,-557.0,Valid,noise,0,2522.7969761001877,1.0,3.0,1.8793987999670208,10,-10,91
367,6,-1716.0,Valid,noise,0,2525.6775336000137,1.0,3.0,1.895621000090614,30,-30,93
368,6,1716.0,Valid,signal,0,2528.780719100032,0.0,3.0,2.012523900019005,30,30,94
369,6,2274.0,Invalid,signal,0,2531.869899400044,0.0,3.0,2.0955771999433637,40,40,94
370,6,-1158.0,Valid,signal,0,2534.8928294000216,0.0,3.0,2.0298615000210702,20,-20,91
371,6,-1158.0,Valid,noise,0,2537.724623200018,1.0,3.0,1.9454504998866469,20,-20,92
372,6,1716.0,Valid,signal,0,2540.73384300014,0.0,3.0,1.9287676000967624,30,30,95
373,6,1716.0,Invalid,noise,0,2543.773496300215,1.0,3.0,2.1458076999988407,30,30,96
374,6,-2274.0,Valid,signal,0,2546.8137906000484,0.0,3.0,1.846070900093764,40,-40,95
375,6,2274.0,Valid,noise,0,2549.597416100092,1.0,3.0,1.795561800012365,40,40,96
376,6,1158.0,Valid,noise,0,2552.525170000037,1.0,3.0,1.9798951998818664,20,20,93
377,6,-557.0,Valid,signal,0,2555.6291522001848,0.0,3.0,2.0121836999896914,10,-10,92
378,6,-1158.0,Valid,signal,0,2558.4931797001045,0.0,3.0,1.9122448998969048,20,-20,94
379,6,-1716.0,Valid,signal,0,2561.4206298000645,0.0,3.0,1.9291815999895336,30,-30,97
380,6,-2274.0,Valid,noise,0,2564.5567801001016,1.0,3.0,2.195999199990183,40,-40,97
381,6,-1716.0,Valid,noise,0,2567.67651930009,1.0,3.0,2.095780299976468,30,-30,98
382,6,-1158.0,Valid,noise,0,2571.2128332001157,1.0,3.0,2.646031399955973,20,-20,95
383,6,-557.0,Valid,signal,1.0,2574.6845414000563,1.0,3.0,2.4461848998907954,10,-10,93
384,6,-1716.0,Valid,signal,1.0,2578.029160000151,1.0,3.0,2.1460426000412554,30,-30,99
385,6,557.0,Valid,signal,1.0,2581.2615073001944,1.0,4.0,2.5458890998270363,10,10,94
386,6,-2274.0,Valid,noise,0,2584.557115700096,1.0,3.0,1.9793366000521928,40,-40,98
387,6,1716.0,Valid,noise,1.0,2587.9326327000745,0.0,2.0,2.3629275001585484,30,30,100
388,6,1716.0,Invalid,signal,1.0,2591.213336300105,1.0,2.0,2.4956470001488924,30,30,101
389,6,-1158.0,Valid,signal,1.0,2594.4609866000246,1.0,2.0,2.279642299981788,20,-20,96
390,6,1716.0,Valid,signal,1.0,2597.8858124001417,1.0,2.0,2.3462353001814336,30,30,102
391,6,557.0,Valid,noise,0,2601.2125021000393,1.0,4.0,2.3285181999672204,10,10,95
392,6,557.0,Valid,noise,0,2604.3974060001783,1.0,4.0,3.180354000069201,10,10,96
393,6,-557.0,Invalid,noise,0,2608.749454700155,1.0,4.0,2.262059200089425,10,-10,97
394,6,-2274.0,Valid,noise,0,2611.9014914000873,1.0,3.0,2.2962154999841005,40,-40,99
395,6,-2274.0,Valid,signal,0,2615.292494100053,0.0,1.0,2.845853399951011,40,-40,100
396,6,-1158.0,Valid,signal,1.0,2619.1977593000047,1.0,1.0,2.812246900051832,20,-20,97
397,6,1716.0,Valid,signal,0,2623.1806846000254,0.0,3.0,3.2131626999471337,30,30,103
398,6,-1158.0,Invalid,signal,0,2627.276854700176,0.0,3.0,2.379315600031987,20,-20,98
399,6,-2274.0,Valid,signal,0,2630.541625400074,0.0,3.0,2.262891400139779,40,-40,101
400,6,-557.0,Valid,noise,0,2633.916589600034,1.0,3.0,2.1958832000382245,10,-10,98
401,6,1716.0,Valid,noise,0,2636.829135000007,1.0,3.0,1.979449399979785,30,30,104
402,6,1158.0,Valid,noise,0,2639.6937987001147,1.0,3.0,1.8956867000088096,20,20,99
403,6,2274.0,Invalid,noise,0,2643.7406228000764,1.0,3.0,3.0465081001166254,40,40,102
404,6,2274.0,Valid,noise,0,2646.9569374001585,1.0,3.0,2.1460142999421805,40,40,103
405,6,557.0,Valid,noise,0,2649.8693701000884,1.0,3.0,2.162527099950239,10,10,99
406,6,557.0,Invalid,signal,0,2652.9885679001454,0.0,3.0,1.895597100025043,10,10,100
407,6,557.0,Valid,signal,0,2656.940479500219,0.0,3.0,2.9794721000362188,10,10,101
408,6,-557.0,Valid,noise,0,2660.0296291999985,1.0,3.0,2.1292001998517662,10,-10,102
409,6,-2274.0,Invalid,signal,0,2663.4218397000805,0.0,3.0,2.3133656999561936,40,-40,104
410,6,2274.0,Valid,signal,0,2666.49361720006,0.0,3.0,2.128958099987358,40,40,105
411,6,-1716.0,Invalid,signal,0,2669.6138458000496,0.0,3.0,2.0128218000754714,30,-30,105
412,6,-1716.0,Valid,signal,0,2672.6526011000387,0.0,3.0,2.312378600006923,30,-30,106
413,6,-2274.0,Invalid,noise,0,2676.9895434000064,1.0,2.0,3.4299230000469834,40,-40,106
414,6,-1158.0,Valid,signal,1.0,2680.780592299998,1.0,2.0,2.9630517999175936,20,-20,100
415,6,-557.0,Invalid,noise,0,2684.62114560022,1.0,3.0,2.479370699962601,10,-10,103
416,6,-1716.0,Valid,signal,1.0,2688.2205106001347,1.0,4.0,2.5956339999102056,30,-30,107
417,6,557.0,Invalid,noise,0,2691.5965482001193,1.0,4.0,2.312494399957359,10,10,104
418,6,557.0,Invalid,signal,1.0,2694.7974603001494,1.0,4.0,2.345641599968076,10,10,105
419,6,-1158.0,Valid,noise,0,2698.140927000204,1.0,3.0,2.162802799837664,20,-20,101
420,6,-1716.0,Valid,noise,0,2701.181197500089,1.0,3.0,1.9291246999055147,30,-30,108
421,6,557.0,Valid,signal,1.0,2704.669152599992,1.0,2.0,2.6461819000542164,10,10,106
422,6,1158.0,Valid,signal,0,2708.028794700047,0.0,2.0,2.6457911001052707,20,20,102
423,6,-1716.0,Valid,signal,1.0,2711.5967304001097,1.0,2.0,2.712719599949196,30,-30,109
424,6,-557.0,Valid,signal,1.0,2715.2768717000727,1.0,4.0,2.9291451000608504,10,-10,107
425,6,-1158.0,Invalid,signal,1.0,2719.437498200219,1.0,3.0,2.4798157999757677,20,-20,103
426,6,2274.0,Valid,noise,1.0,2722.877735100221,0.0,3.0,2.396237599896267,40,40,107
427,6,-557.0,Valid,signal,1.0,2726.109092500061,1.0,4.0,2.246521199820563,10,-10,108
428,6,1716.0,Valid,signal,1.0,2729.5008944000583,1.0,4.0,2.545439300127327,30,30,110
429,6,-1716.0,Valid,noise,0,2733.245298500173,1.0,3.0,3.5632144000846893,30,-30,111
430,6,1158.0,Valid,noise,0,2737.517400900135,1.0,3.0,2.4631469000596553,20,20,104
431,6,-1716.0,Valid,signal,1.0,2741.0050982001703,1.0,4.0,2.27871480002068,30,-30,112
432,6,1158.0,Invalid,signal,1.0,2744.365267400164,1.0,2.0,2.4461511000990868,20,20,105
433,6,1158.0,Invalid,noise,1.0,2747.852367100073,0.0,2.0,2.296156500000506,20,20,106
434,6,-557.0,Invalid,signal,1.0,2751.068863300141,1.0,4.0,3.446363399969414,10,-10,109
435,6,-557.0,Valid,noise,1.0,2755.5657884001266,0.0,1.0,2.67956760013476,10,-10,110
436,6,2274.0,Valid,signal,0,2759.8524803000037,0.0,2.0,3.713403199799359,40,40,108
437,6,2274.0,Valid,noise,0,2770.332936900202,1.0,3.0,8.715176300145686,40,40,109
438,6,-1158.0,Valid,signal,1.0,2773.90044470015,1.0,4.0,2.5959228998981416,20,-20,107
439,6,1158.0,Invalid,noise,0,2777.6130737001076,1.0,3.0,2.5625881999731064,20,20,108
440,6,1158.0,Valid,signal,0,2782.317201900063,0.0,1.0,3.8628408999647945,20,20,109
441,6,-557.0,Valid,noise,0,2786.2203673000913,1.0,3.0,3.3131899998988956,10,-10,111
442,6,2274.0,Valid,signal,0,2789.949637300102,0.0,3.0,2.1627458999864757,40,40,110
443,6,1158.0,Valid,signal,1.0,2793.148561900016,1.0,4.0,2.4793734999839216,20,20,110
444,6,-1158.0,Valid,signal,1.0,2796.6847980001476,1.0,4.0,2.4628622999880463,20,-20,111
445,6,1716.0,Valid,signal,1.0,2799.9654907002114,1.0,4.0,2.1963494999799877,30,30,113
446,6,-1716.0,Valid,signal,1.0,2803.245024900185,1.0,4.0,2.295376099878922,30,-30,114
447,6,-1158.0,Invalid,noise,0,2807.0366033001337,1.0,3.0,2.6791368999984115,20,-20,112
448,6,557.0,Invalid,noise,1.0,2810.1252388001885,0.0,4.0,2.1461698999628425,10,10,112
449,6,1158.0,Valid,noise,0,2813.741015100153,1.0,3.0,2.896552799968049,20,20,113
450,6,-1716.0,Invalid,noise,0,2817.709274900146,1.0,3.0,2.713242100086063,30,-30,115
451,6,1158.0,Valid,noise,0,2821.308527900139,1.0,3.0,2.6288858999032527,20,20,114
452,6,1716.0,Valid,noise,0,2824.716500100214,1.0,2.0,2.3123131999745965,30,30,116
453,6,2274.0,Valid,signal,0,2828.124654600164,0.0,2.0,2.278997200075537,40,40,111
454,6,2274.0,Invalid,noise,0,2831.3415525001474,1.0,2.0,2.22909940010868,40,40,112
455,6,-1716.0,Valid,noise,0,2834.3963798000477,1.0,2.0,2.162928600097075,30,-30,117
456,6,-1158.0,Valid,noise,0,2837.6137763001025,1.0,2.0,2.095667599933222,20,-20,115
457,6,-2274.0,Valid,signal,0,2840.70108680008,0.0,2.0,2.129279200220481,40,-40,113
458,6,1716.0,Valid,signal,0,2843.8844830000307,0.0,2.0,2.1297186999581754,30,30,118
459,6,-2274.0,Valid,noise,0,2848.2851990000345,1.0,2.0,3.645910799968988,40,-40,114
460,6,557.0,Valid,signal,1.0,2851.772482600063,1.0,4.0,2.562902200035751,10,10,113
461,6,-2274.0,Valid,noise,0,2855.6293459001463,1.0,3.0,2.562590900110081,40,-40,115
462,6,1158.0,Valid,signal,0,2859.052470399998,0.0,3.0,2.4459232999943197,20,20,116
463,6,557.0,Valid,noise,0,2867.0524395999964,1.0,1.0,7.664818700170144,10,10,114
464,6,2274.0,Valid,noise,0,2871.1333524000365,1.0,3.0,2.7963445000350475,40,40,116
465,6,-1716.0,Valid,signal,0,2874.749237100128,0.0,3.0,2.1791932999622077,30,-30,119
466,6,-2274.0,Valid,signal,0,2878.6691893001553,0.0,2.0,3.7298812000080943,40,-40,117
467,6,-1716.0,Valid,noise,0,2882.7010378001723,1.0,2.0,2.312463400186971,30,-30,120
468,6,-2274.0,Valid,signal,0,2886.845265600132,0.0,1.0,3.246161499992013,40,-40,118
469,6,-1158.0,Valid,noise,0,2890.2690404001623,1.0,3.0,2.7131243001203984,20,-20,117
470,6,1158.0,Valid,noise,0,2893.9490188001655,1.0,3.0,2.112915099831298,20,20,118
471,6,-557.0,Valid,signal,1.0,2897.4526183002163,1.0,4.0,2.696239300072193,10,-10,115
472,6,-1158.0,Invalid,noise,0,2900.7970171000343,1.0,3.0,2.211820400087163,20,-20,119
473,6,1716.0,Valid,signal,1.0,2904.189178600209,1.0,3.0,2.562667299993336,30,30,121
474,6,557.0,Valid,signal,1.0,2907.5970707000233,1.0,3.0,2.4626032998785377,10,10,116
475,6,1158.0,Valid,signal,1.0,2911.565244300058,1.0,2.0,3.096337500028312,20,20,120
476,6,-2274.0,Invalid,noise,1.0,2915.324298000196,0.0,2.0,2.91327410005033,40,-40,119
477,6,1158.0,Invalid,signal,1.0,2919.324590400094,1.0,3.0,2.5294405999593437,20,20,121
478,6,2274.0,Valid,signal,0,2927.1649718000554,0.0,1.0,7.115099299931899,40,40,120
479,6,1158.0,Valid,signal,1.0,2930.9093570001423,1.0,4.0,3.578799600014463,20,20,122
480,6,2274.0,Valid,noise,0,2936.1084013001528,1.0,1.0,3.5636592998635024,40,40,121
481,6,2274.0,Valid,noise,1.0,2940.108511700062,0.0,1.0,2.879711600020528,40,40,122
482,6,-557.0,Valid,signal,1.0,2943.661306000082,1.0,4.0,2.945292899850756,10,-10,117
483,6,2274.0,Valid,noise,0,2948.236797800055,1.0,3.0,3.296183899976313,40,40,123
484,6,-2274.0,Valid,signal,0,2952.109519300051,0.0,3.0,2.229283999884501,40,-40,124
485,6,557.0,Valid,signal,1.0,2955.293429300189,1.0,4.0,2.3290391999762505,10,10,118
486,6,1158.0,Valid,signal,1.0,2959.8844934999943,1.0,3.0,3.6803362001664937,20,20,123
487,6,-1158.0,Valid,noise,1.0,2963.820735400077,0.0,1.0,3.0622912000399083,20,-20,124
488,6,557.0,Valid,signal,1.0,2967.5325346000027,1.0,4.0,2.3953414999414235,10,10,119
489,6,-1716.0,Valid,noise,1.0,2972.3962339002173,0.0,1.0,4.33058589999564,30,-30,122
490,6,-1158.0,Valid,signal,1.0,2976.1244216000196,1.0,3.0,2.2292257000226527,20,-20,125
491,6,-2274.0,Valid,signal,0,2979.356493700063,0.0,3.0,2.312484099995345,40,-40,125
492,6,1158.0,Valid,noise,0,2982.7655268001836,1.0,3.0,2.462858300190419,20,20,126
493,6,-1716.0,Valid,noise,0,2986.172822399996,1.0,3.0,2.262883499963209,30,-30,123
494,6,2274.0,Invalid,signal,0,2989.421025800053,0.0,3.0,2.32880669995211,40,40,126
495,6,-557.0,Invalid,signal,1.0,2992.5246850000694,1.0,4.0,2.029640099965036,10,-10,120
496,6,1716.0,Invalid,signal,0,2995.8690087001305,0.0,3.0,2.2958076999057084,30,30,124
497,6,1716.0,Valid,noise,0,2999.117103200173,1.0,3.0,2.196578999981284,30,30,125
498,6,-557.0,Valid,noise,0,3002.8766169000883,1.0,3.0,2.695472499821335,10,-10,121
499,6,1158.0,Valid,signal,1.0,3006.173137600068,1.0,3.0,2.479189099976793,20,20,127
500,6,557.0,Valid,signal,1.0,3011.292889200151,1.0,4.0,5.847638600040227,10,10,122
501,6,-1716.0,Invalid,noise,0,3016.268383800052,1.0,3.0,2.112595900194719,30,-30,126
502,6,557.0,Valid,noise,0,3019.836204300169,1.0,3.0,2.7129665999673307,10,10,123
503,6,-1158.0,Valid,noise,0,3023.2125523001887,1.0,3.0,2.328965299995616,20,-20,128
504,6,-2274.0,Valid,signal,0,3026.9246457000263,0.0,3.0,2.7292955999728292,40,-40,127
505,6,-2274.0,Valid,noise,0,3030.060226800153,1.0,3.0,2.213016400113702,40,-40,128
506,6,-1158.0,Valid,noise,0,3033.436966800131,1.0,3.0,2.2292043999768794,20,-20,129
507,6,2274.0,Valid,signal,0,3039.7566323000938,0.0,3.0,5.480972199933603,40,40,129
508,6,557.0,Valid,noise,0,3043.0212530000135,1.0,3.0,2.1617483000736684,10,10,124
509,6,-1716.0,Invalid,signal,0,3046.2364078999963,0.0,3.0,2.24579990003258,30,-30,127
510,6,-557.0,Valid,noise,0,3049.533089700155,1.0,4.0,2.7799941000994295,10,-10,125
511,6,2274.0,Valid,signal,0,3053.420991800027,0.0,3.0,2.4783488002140075,40,40,130
512,6,-557.0,Valid,noise,0,3056.8607992001344,1.0,3.0,2.21297620004043,10,-10,126
513,6,-557.0,Valid,signal,1.0,3059.9651766000316,1.0,4.0,2.1460219000000507,10,-10,127
514,6,-557.0,Valid,signal,1.0,3063.2284066001885,1.0,4.0,2.7124320999719203,10,-10,128
515,6,-557.0,Valid,signal,1.0,3066.9567272001877,1.0,3.0,2.279695500154048,10,-10,129
516,6,-2274.0,Valid,noise,0,3070.5567828000057,1.0,3.0,3.1303206998854876,40,-40,131
517,6,-2274.0,Valid,noise,1.0,3074.268774300115,0.0,3.0,2.478694299934432,40,-40,132
518,6,-1158.0,Valid,noise,0,3077.8841841001995,1.0,3.0,2.2122593000531197,20,-20,130
519,6,1716.0,Valid,noise,0,3081.068485500058,1.0,3.0,2.495931099867448,30,30,128
520,6,-557.0,Valid,noise,0,3084.6202733002137,1.0,3.0,2.3126523999962956,10,-10,130
521,6,557.0,Valid,signal,0,3087.836228700122,0.0,3.0,2.145795299904421,10,10,131
522,6,1158.0,Valid,noise,0,3092.093653100077,1.0,3.0,3.3469856998417526,20,20,131
523,6,557.0,Valid,noise,0,3095.2610402000137,1.0,3.0,2.378827199805528,10,10,132
524,6,-1158.0,Valid,signal,0,3098.5886415001005,0.0,3.0,1.9792189998552203,20,-20,132
525,6,1716.0,Valid,noise,0,3101.581392900087,1.0,3.0,2.2127221000846475,30,30,129
526,6,1716.0,Invalid,noise,0,3105.6931408999953,1.0,3.0,3.013317900011316,30,30,130
527,6,1716.0,Valid,noise,0,3109.148391399998,1.0,3.0,2.3291643999982625,30,30,131
528,6,-1716.0,Valid,noise,0,3112.540567100048,1.0,3.0,2.5120600999798626,30,-30,132
529,6,-1716.0,Valid,noise,0,3252.3169865000527,1.0,3.0,6.22757099987939,30,-30,133
530,6,2274.0,Valid,noise,0,3255.82084200019,1.0,3.0,2.0792269001249224,40,40,133
531,6,2274.0,Valid,noise,0,3258.780690500047,1.0,3.0,2.0286471000872552,40,40,134
532,6,-1158.0,Valid,noise,0,3261.741143200081,1.0,3.0,1.7962481998838484,20,-20,133
533,6,1716.0,Valid,noise,0,3264.7333569000475,1.0,3.0,2.028664099983871,30,30,134
534,6,-2274.0,Valid,signal,0,3267.644644800108,0.0,3.0,1.9289323999546468,40,-40,135
535,6,-557.0,Invalid,signal,1.0,3272.316299600061,1.0,4.0,3.8129571001045406,10,-10,133
536,6,1158.0,Valid,noise,0,3275.405013800133,1.0,3.0,1.9128874000161888,20,20,134
537,6,557.0,Valid,noise,0,3278.397517700214,1.0,3.0,1.945830199867487,10,10,134
538,6,1716.0,Valid,signal,1.0,3281.5807989002205,1.0,3.0,2.328915099846199,30,30,135
539,6,2274.0,Valid,noise,0,3284.813219100004,1.0,3.0,2.129240700043738,40,40,136
540,6,557.0,Valid,signal,1.0,3288.7480972001795,1.0,3.0,3.1461740999948233,10,10,135
541,6,557.0,Valid,signal,1.0,3292.0285423002206,1.0,3.0,2.062790700001642,10,10,136
542,6,-2274.0,Valid,noise,0,3295.3721517000813,1.0,2.0,2.3791586998850107,40,-40,137
543,6,-1158.0,Valid,signal,1.0,3298.4774275000673,1.0,3.0,2.029185200110078,20,-20,135
544,6,-1716.0,Valid,noise,0,3302.877384300111,1.0,2.0,3.5636041001416743,30,-30,136
545,6,557.0,Valid,signal,1.0,3306.1888001000043,1.0,3.0,2.1455035998951644,10,10,137
546,6,-1716.0,Valid,signal,1.0,3309.388204800198,1.0,4.0,2.2956692001316696,30,-30,137
547,6,1158.0,Valid,noise,1.0,3312.7649203001056,0.0,1.0,3.66353669995442,20,20,136
548,6,2274.0,Valid,signal,1.0,3317.3892084001563,1.0,3.0,2.412638199981302,40,40,138
549,6,1158.0,Valid,signal,1.0,3321.436152000213,1.0,4.0,2.829450599849224,20,20,137
550,6,1716.0,Valid,signal,1.0,3324.5880705001764,1.0,4.0,2.2462615000549704,30,30,138
551,6,2274.0,Valid,noise,0,3327.788505600067,1.0,3.0,2.1456963000819087,40,40,139
552,6,-557.0,Valid,noise,0,3331.1802716001403,1.0,3.0,2.3798074999358505,10,-10,138
553,6,1158.0,Valid,noise,0,3334.077362500131,1.0,3.0,1.9286217000335455,20,20,138
554,6,-1716.0,Valid,noise,0,3336.940573600121,1.0,3.0,1.8290054998360576,30,-30,139
555,6,-2274.0,Valid,signal,0,3339.8846227000467,0.0,3.0,1.895651899976656,40,-40,140
556,6,1716.0,Valid,noise,0,3342.860452800058,1.0,3.0,1.9625251998659223,30,30,140
557,6,-2274.0,Invalid,signal,0,3345.676882900065,0.0,3.0,1.812328499974683,40,-40,141
558,6,-1158.0,Valid,signal,0,3348.4763265000656,0.0,3.0,1.7456699998583645,20,-20,139
559,6,1716.0,Valid,signal,0,3351.3568715001456,0.0,3.0,1.979277299949899,30,30,141
560,6,-557.0,Invalid,noise,0,3354.637110100128,1.0,3.0,2.212757699890062,10,-10,139
561,6,-557.0,Valid,noise,0,3357.5005814000033,1.0,3.0,1.9789956999011336,10,-10,140
562,6,557.0,Invalid,signal,0,3360.589470700128,0.0,3.0,2.0956192000303417,10,10,141
563,6,-1716.0,Valid,noise,0,3363.564941800199,1.0,3.0,1.8622530000284312,30,-30,142
564,6,-557.0,Valid,signal,1.0,3366.780973300105,1.0,3.0,2.379774099914357,10,-10,142
565,6,-1158.0,Invalid,noise,0,3377.7560592000373,1.0,3.0,9.848588599823415,20,-20,140
566,6,557.0,Valid,signal,1.0,3381.084675700171,1.0,4.0,2.5794715001247823,10,10,143
567,6,-557.0,Valid,noise,0,3384.6201846001204,1.0,3.0,2.29598950012587,10,-10,144
568,6,-1716.0,Invalid,noise,1.0,3387.948456400074,0.0,3.0,2.2622922000009567,30,-30,143
569,6,1158.0,Valid,signal,0,3391.1973729000892,0.0,2.0,2.6126588000915945,20,20,141
570,6,1158.0,Valid,signal,1.0,3394.7161620000843,1.0,3.0,2.1625926000997424,20,20,142
571,6,1158.0,Invalid,signal,0,3398.0123584000394,0.0,3.0,2.2463400000706315,20,20,143
572,6,-1158.0,Valid,noise,0,3401.2452252001967,1.0,3.0,2.6462161999661475,20,-20,144
573,6,-2274.0,Valid,signal,1.0,3404.973227500217,1.0,1.0,2.829193599987775,40,-40,142
574,6,-1716.0,Valid,signal,1.0,3408.9560862001963,1.0,3.0,2.4965850999578834,30,-30,144
575,6,-557.0,Valid,signal,1.0,3412.204249800183,1.0,4.0,2.37867149990052,10,-10,145
576,6,-2274.0,Valid,signal,0,3416.253285400104,0.0,3.0,3.4137567998841405,40,-40,143
577,6,-557.0,Valid,noise,1.0,3419.948291100096,0.0,3.0,2.178895200137049,10,-10,146
578,6,1158.0,Valid,noise,1.0,3423.2930276000407,0.0,2.0,2.478892199927941,20,20,145
579,6,-1716.0,Valid,noise,1.0,3426.556033300003,0.0,2.0,2.2126718999352306,30,-30,145
580,6,-557.0,Valid,signal,1.0,3430.4608321001288,1.0,3.0,2.762788999825716,10,-10,147
581,6,-1716.0,Valid,signal,1.0,3433.6922464000527,1.0,3.0,2.3124035999644548,30,-30,146
582,6,-2274.0,Valid,noise,0,3437.1650883001275,1.0,2.0,2.5126809999346733,40,-40,144
583,6,1716.0,Valid,signal,1.0,3440.6209563000593,1.0,3.0,2.3794009999837726,30,30,147
584,6,-2274.0,Valid,noise,0,3444.028909600107,1.0,2.0,2.4293319999706,40,-40,145
585,6,-1158.0,Valid,noise,0,3447.2132125000935,1.0,3.0,2.0960160000249743,20,-20,146
586,6,-2274.0,Valid,noise,0,3450.300047100056,1.0,3.0,2.3795954000670463,40,-40,146
587,6,-1158.0,Valid,noise,0,3453.5811870000325,1.0,3.0,2.06266130018048,20,-20,147
588,6,2274.0,Valid,signal,0,3456.781208000146,0.0,3.0,2.2457175001036376,40,40,147
589,6,-557.0,Valid,noise,0,3460.012629600009,1.0,3.0,2.278753000078723,10,-10,148
590,6,-557.0,Valid,noise,0,3463.9174500000663,1.0,3.0,2.7801629002206028,10,-10,149
591,6,1716.0,Valid,noise,0,3466.9241243000142,1.0,3.0,2.09522489993833,30,30,148
592,6,2274.0,Valid,noise,0,3472.0614349001553,1.0,3.0,4.0467545001301914,40,40,148
593,6,1716.0,Valid,noise,0,3475.052854700014,1.0,3.0,1.9458111999556424,30,30,149
594,6,-1158.0,Valid,noise,0,3478.076517000096,1.0,3.0,2.0287288001272827,20,-20,148
595,6,2274.0,Invalid,signal,0,3481.340337800095,0.0,3.0,2.31293429993093,40,40,149
596,6,1158.0,Invalid,signal,0,3484.492405900033,0.0,3.0,2.22923759999685,20,20,149
597,6,1158.0,Valid,signal,0,3487.7727863001637,0.0,3.0,2.1627122000791132,20,20,150
598,6,2274.0,Valid,signal,0,3490.9732558000833,0.0,3.0,2.1959525998681784,40,40,150
599,6,557.0,Invalid,noise,0,3493.916521300096,1.0,3.0,1.9790202998556197,10,10,150
600,6,-1158.0,Valid,signal,0,3496.9252770000603,0.0,3.0,1.9458286999724803,20,-20,151
601,6,557.0,Valid,signal,0,3499.8373751000036,0.0,3.0,2.045686900150031,10,10,151
602,6,557.0,Valid,noise,0,3502.8772001001053,1.0,3.0,1.8459423000458628,10,10,152
603,6,-1716.0,Valid,noise,0,3505.772571100155,1.0,3.0,2.06267170002684,30,-30,150
604,6,1716.0,Invalid,noise,0,3508.9086802999955,1.0,3.0,2.07899220008403,30,30,151
605,6,-1716.0,Invalid,signal,0,3512.0281824001577,0.0,3.0,2.029404299799353,30,-30,152
606,6,-557.0,Valid,signal,1.0,3515.324589300202,1.0,2.0,2.4120836001820862,10,-10,153
607,6,557.0,Valid,signal,1.0,3518.493147900095,1.0,4.0,2.346435399958864,10,10,154
608,6,557.0,Valid,signal,1.0,3521.8854259999935,1.0,4.0,2.26230559987016,10,10,155
609,6,1158.0,Valid,signal,0,3525.3082277001813,0.0,3.0,2.2455783002078533,20,20,152
610,6,1716.0,Valid,noise,0,3528.493258100003,1.0,3.0,2.296173600014299,30,30,153
611,6,1158.0,Valid,signal,1.0,3531.836848600069,1.0,4.0,2.962943400023505,20,20,153
612,6,557.0,Valid,noise,0,3535.9173134001903,1.0,3.0,2.462832299992442,10,10,156
613,6,1716.0,Valid,signal,0,3539.7731763001066,0.0,3.0,2.8958003998268396,30,30,154
614,6,-2274.0,Valid,noise,0,3543.3091922001913,1.0,3.0,2.4130214999895543,40,-40,151
615,6,-557.0,Valid,noise,1.0,3546.572834199993,0.0,1.0,2.4630074999295175,10,-10,157
616,6,-557.0,Valid,noise,0,3550.0130803000648,1.0,2.0,2.295460999943316,10,-10,158
617,6,-1158.0,Valid,noise,0,3553.7893009001855,1.0,3.0,2.6460582001600415,20,-20,154
618,6,1158.0,Valid,noise,1.0,3557.020774700213,0.0,2.0,2.3457027000840753,20,20,155
619,6,-2274.0,Invalid,noise,1.0,3560.508136900142,0.0,2.0,2.379240999929607,40,-40,152
620,6,-557.0,Valid,noise,0,3565.3250450000633,1.0,3.0,4.664010900072753,10,-10,159
621,6,-557.0,Valid,signal,0,3569.484026500024,0.0,3.0,2.2622861000709236,10,-10,160
622,6,-1716.0,Valid,signal,0,3572.6682920001913,0.0,3.0,2.296129700029269,30,-30,155
623,6,2274.0,Valid,noise,0,3575.9486585000996,1.0,3.0,2.1460100000258535,40,40,153
624,6,-1716.0,Valid,signal,0,3579.164157200139,0.0,3.0,2.2290342000778764,30,-30,156
625,6,-1158.0,Valid,signal,1.0,3582.764095199993,1.0,3.0,2.6631076999474317,20,-20,156
626,6,-1158.0,Valid,signal,0,3586.3648534000386,0.0,3.0,2.562675799941644,20,-20,157
627,6,-2274.0,Invalid,noise,0,3590.0921986000612,1.0,3.0,2.9962778000626713,40,-40,154
628,6,2274.0,Valid,noise,0,3593.196646500146,1.0,3.0,1.861850099870935,40,40,155
629,6,-1158.0,Valid,signal,1.0,3596.57292820001,1.0,4.0,2.463029900100082,20,-20,158
630,6,2274.0,Invalid,noise,1.0,3599.611940200208,0.0,1.0,2.42908320017159,40,40,156
631,6,2274.0,Valid,signal,0,3603.613051000051,0.0,3.0,2.4626900998409837,40,40,157
632,6,-1158.0,Valid,signal,1.0,3606.780897400109,1.0,4.0,2.1961137000471354,20,-20,159
633,6,-1716.0,Valid,noise,0,3610.332538300194,1.0,2.0,2.595496199792251,30,-30,157
634,6,2274.0,Valid,noise,0,3614.316228800221,1.0,1.0,3.9299306999892,40,40,158
635,6,557.0,Invalid,signal,1.0,3618.5721868001856,1.0,4.0,2.996766399824992,10,10,161
636,6,1158.0,Valid,signal,1.0,3623.2601482002065,1.0,4.0,3.0792268000077456,20,20,160
637,6,-557.0,Invalid,noise,0,3628.733271000208,1.0,3.0,4.5467241001315415,10,-10,162
638,6,-1158.0,Valid,noise,0,3632.4927262000274,1.0,3.0,2.5133652999065816,20,-20,161
639,6,1716.0,Invalid,noise,0,3635.852722800104,1.0,2.0,2.7289785998873413,30,30,158
640,6,-1716.0,Invalid,noise,0,3639.469148900127,1.0,2.0,2.3956687001045793,30,-30,159
641,6,557.0,Valid,noise,0,3642.828264600132,1.0,2.0,3.4466014998033643,10,10,163
642,6,557.0,Valid,signal,0,3647.37311650021,0.0,2.0,2.362110200105235,10,10,164
643,6,-1158.0,Invalid,signal,1.0,3650.620940600056,1.0,3.0,2.1793729001656175,20,-20,162
644,6,-2274.0,Valid,signal,0,3653.9970052000135,0.0,3.0,2.446565000107512,40,-40,159
645,6,-1716.0,Valid,signal,1.0,3657.756184000056,1.0,2.0,2.7794932001270354,30,-30,160
646,6,-1716.0,Invalid,signal,1.0,3661.052955900086,1.0,1.0,2.7463750999886543,30,-30,161
647,6,1158.0,Invalid,noise,1.0,3664.764782500221,0.0,2.0,2.244757100008428,20,20,163
648,6,1158.0,Valid,signal,1.0,3668.0443387001287,1.0,4.0,2.3629053998738527,20,20,164
649,6,1716.0,Valid,signal,1.0,3671.7564753000624,1.0,1.0,2.846045000012964,30,30,162
650,6,557.0,Valid,signal,1.0,3675.229068800109,1.0,4.0,2.2629313999786973,10,10,165
651,6,-1158.0,Valid,signal,1.0,3678.76432460011,1.0,3.0,2.3619796000421047,20,-20,165
652,6,1158.0,Valid,signal,0,3681.788760800147,0.0,4.0,2.312948399921879,20,20,166
653,6,557.0,Valid,noise,0,3685.516635600012,1.0,3.0,2.7127668999601156,10,10,166
654,6,557.0,Valid,noise,0,3689.2771288000513,1.0,3.0,2.4628594000823796,10,10,167
655,6,-1716.0,Valid,noise,0,3693.5968094000127,1.0,3.0,3.345821000169962,30,-30,163
656,6,-1158.0,Valid,noise,0,3697.004163300153,1.0,3.0,2.3797927999403328,20,-20,167
657,6,1716.0,Invalid,signal,0,3700.460753099993,0.0,3.0,2.679303999990225,30,30,164
658,6,-1158.0,Invalid,noise,0,3703.6607868000865,1.0,3.0,1.94588669994846,20,-20,168
659,6,-1158.0,Valid,noise,0,3706.845192000037,1.0,3.0,2.1628892000298947,20,-20,169
660,6,1716.0,Valid,noise,0,3710.283937700093,1.0,3.0,2.578593600075692,30,30,165
661,6,-2274.0,Valid,signal,0,3713.5321728000417,0.0,3.0,2.195971299894154,40,-40,160
662,6,2274.0,Valid,signal,0,3716.8767971000634,0.0,3.0,2.312327700201422,40,40,161
663,6,1158.0,Invalid,noise,1.0,3720.028844500194,0.0,3.0,2.229511700104922,20,20,170
664,6,1158.0,Valid,noise,0,3723.2283088001423,1.0,3.0,2.0289962000679225,20,20,171
665,6,1716.0,Valid,signal,0,3726.316912200069,0.0,3.0,2.1633458000142127,30,30,166
666,6,2274.0,Valid,signal,0,3729.420933800051,0.0,3.0,2.045848400099203,40,40,162
667,6,-557.0,Valid,signal,0,3732.476798000047,0.0,3.0,2.028670399915427,10,-10,168
668,6,1716.0,Valid,noise,0,3735.485071400181,1.0,3.0,2.1457173998933285,30,30,167
669,6,-2274.0,Valid,signal,0,3738.6680467000697,0.0,3.0,2.0463374000974,40,-40,163
670,6,1158.0,Valid,noise,0,3741.6769714001566,1.0,3.0,2.045553599949926,20,20,172
671,6,2274.0,Valid,signal,0,3744.7642526000272,0.0,3.0,2.129087199922651,40,40,164
672,6,1716.0,Invalid,signal,1.0,3748.2039001001976,1.0,4.0,3.329535200027749,30,30,168
673,6,1716.0,Valid,noise,0,3752.348096900154,1.0,3.0,2.212640200043097,30,30,169
674,6,-2274.0,Valid,noise,0,3760.3971618001815,1.0,1.0,7.381522600073367,40,-40,165
675,6,-557.0,Valid,signal,1.0,3763.8691838001832,1.0,4.0,2.2124189999885857,10,-10,169
676,6,-1716.0,Valid,signal,0,3767.548955900129,0.0,3.0,2.6289359000511467,30,-30,170
677,6,557.0,Invalid,noise,0,3770.749124100199,1.0,3.0,2.096275200136006,10,10,170
678,6,-2274.0,Valid,noise,1.0,3775.0690222000703,0.0,1.0,3.763786399969831,40,-40,166
679,6,557.0,Valid,noise,0,3779.707909400109,1.0,3.0,3.795977799920365,10,10,171
680,6,-2274.0,Valid,noise,0,3783.596488900017,1.0,3.0,2.9295715999323875,40,-40,167
681,6,1716.0,Valid,noise,0,3787.3411674001254,1.0,3.0,2.713317600078881,30,30,171
682,6,2274.0,Valid,signal,0,3790.988789800089,0.0,3.0,2.0957794000860304,40,40,168
683,6,-2274.0,Invalid,signal,0,3794.157200100133,0.0,3.0,2.162012399872765,40,-40,169
684,6,2274.0,Valid,signal,0,3797.580494200112,0.0,3.0,2.6461418999824673,40,40,170
685,6,-557.0,Invalid,signal,1.0,3801.164616100024,1.0,3.0,2.312759499996901,10,-10,172
686,6,2274.0,Valid,noise,0,3804.444705700036,1.0,3.0,2.2290550000034273,40,40,171
687,6,-2274.0,Valid,signal,0,3812.348708400037,0.0,1.0,7.832480499986559,40,-40,172
688,6,1158.0,Valid,noise,0,3816.972475200193,1.0,3.0,4.195650700014085,20,20,173
689,6,557.0,Valid,noise,0,3821.980045600096,1.0,3.0,2.7627570000477135,10,10,173
690,6,1158.0,Valid,noise,0,3825.467886700062,1.0,3.0,2.396125199971721,20,20,174
691,6,-1716.0,Valid,noise,0,3828.892738500144,1.0,3.0,2.5797923000063747,30,-30,172
692,6,-2274.0,Valid,signal,0,3832.65275200014,0.0,3.0,2.5456879001576453,40,-40,173
693,6,1716.0,Valid,signal,0,3835.948097500019,0.0,3.0,2.229409400140866,30,30,173
694,6,-557.0,Valid,signal,0,3839.260572000174,0.0,3.0,3.3128500999882817,10,-10,174
695,6,-1158.0,Valid,signal,0,3843.6119501001663,0.0,3.0,2.5295824999921024,20,-20,175
696,6,-2274.0,Valid,noise,0,3851.148539000191,1.0,1.0,6.747614399995655,40,-40,174
697,6,-557.0,Valid,signal,1.0,3855.30884430022,1.0,2.0,2.7463391998317093,10,-10,175
698,6,557.0,Valid,noise,0,3859.0689337002113,1.0,2.0,3.5631175998132676,10,10,176
699,6,2274.0,Invalid,noise,0,3863.245137100108,1.0,2.0,2.4624962999951094,40,40,175
700,6,-1158.0,Invalid,signal,0,3866.7329711001366,0.0,2.0,2.562830699840561,20,-20,176
701,6,-1716.0,Valid,signal,0,3870.1089515001513,0.0,3.0,2.4127054000273347,30,-30,174
702,6,-1716.0,Valid,signal,1.0,3873.803838700056,1.0,2.0,2.5962741000112146,30,-30,175
703,6,1716.0,Valid,signal,1.0,3879.4851524000983,1.0,3.0,4.963722600135952,30,30,176
704,6,2274.0,Invalid,signal,1.0,3883.3241460002023,1.0,2.0,2.5625401998404413,40,40,176
705,6,2274.0,Valid,signal,0,4020.316168100107,0.0,3.0,8.28293289989233,40,40,177
706,6,-2274.0,Valid,signal,0,4023.644907100126,0.0,3.0,2.0604743999429047,40,-40,178
707,6,557.0,Invalid,signal,0,4026.635835500201,0.0,3.0,2.0462293999735266,10,10,177
708,6,-1716.0,Valid,signal,0,4029.741022300208,0.0,3.0,2.212096899980679,30,-30,177
709,6,-1716.0,Valid,signal,0,4033.0202269,0.0,3.0,2.16248600021936,30,-30,178
710,6,1158.0,Valid,noise,0,4035.9642781000584,1.0,3.0,1.9454930999781936,20,20,177
711,6,2274.0,Valid,signal,0,4038.9877852001223,0.0,3.0,2.328643700107932,40,40,179
712,6,1716.0,Valid,signal,0,4042.2357312000822,0.0,3.0,1.8300318999681624,30,30,179
713,6,-1716.0,Valid,signal,0,4045.356918200152,0.0,3.0,2.16030879993923,30,-30,180
714,6,1716.0,Valid,signal,0,4048.347696600016,0.0,3.0,2.029241200070828,30,30,181
715,6,-557.0,Invalid,noise,0,4051.469082100084,1.0,3.0,2.096718200016767,10,-10,178
716,6,-557.0,Valid,signal,1.0,4054.635673200013,1.0,4.0,2.1283732999581844,10,-10,179
717,6,-1158.0,Valid,signal,0,4058.1237690001726,0.0,3.0,2.427235099952668,20,-20,178
718,6,-557.0,Valid,signal,0,4061.708063600119,0.0,3.0,2.7305750001687557,10,-10,180
719,6,557.0,Invalid,noise,0,4064.8922474000137,1.0,3.0,2.061259499983862,10,10,181
720,6,1716.0,Valid,noise,0,4067.901106600184,1.0,3.0,1.9966745001729576,30,30,182
721,6,-1716.0,Invalid,signal,0,4071.004760000156,0.0,3.0,2.127938099903986,30,-30,183
722,6,-2274.0,Valid,noise,0,4073.8370686001144,1.0,3.0,1.830098999897018,40,-40,180
723,6,1158.0,Valid,noise,0,4076.7168828002177,1.0,3.0,1.8778784000314772,20,20,179
724,6,-1716.0,Valid,noise,0,4079.724656000035,1.0,3.0,2.1948206999804825,30,-30,184
725,6,-557.0,Valid,noise,0,4082.7316421000287,1.0,3.0,1.8300308000762016,10,-10,182
726,6,1158.0,Valid,noise,0,4085.900984900072,1.0,3.0,2.1620544001925737,20,20,180
727,6,1158.0,Valid,noise,0,4088.7326024000063,1.0,3.0,1.761281699873507,20,20,181
728,6,-1716.0,Invalid,noise,0,4091.740713500185,1.0,3.0,2.0130031001754105,30,-30,185
729,6,2274.0,Valid,signal,0,4095.084969900083,0.0,3.0,2.380006100051105,40,40,181
730,6,557.0,Valid,noise,0,4097.867847200017,1.0,3.0,1.9458403000608089,10,10,183
731,6,557.0,Valid,signal,0,4100.94073250005,0.0,3.0,1.9123629999812692,10,10,184
732,6,-1716.0,Valid,noise,0,4104.011920600198,1.0,3.0,2.0269197998568416,30,-30,186
733,6,1716.0,Valid,signal,0,4106.9884668001905,0.0,3.0,2.1282337000593543,30,30,187
734,6,557.0,Valid,noise,0,4109.932712200098,1.0,3.0,1.8137323998380452,10,10,185
735,6,-1158.0,Valid,noise,0,4112.875670200214,1.0,3.0,1.8781246000435203,20,-20,182
736,6,-2274.0,Valid,signal,0,4115.8044026000425,0.0,3.0,1.896389100002125,40,-40,182
737,6,-1158.0,Valid,noise,0,4118.828034400009,1.0,3.0,2.0777139000128955,20,-20,183
738,6,557.0,Valid,signal,0,4121.884780200198,0.0,3.0,1.996432299958542,10,10,186
739,6,2274.0,Invalid,noise,0,4125.276787800016,1.0,3.0,2.394031300209462,40,40,183
740,6,2274.0,Valid,noise,0,4128.299718900118,1.0,3.0,2.065048300195486,40,40,184
741,6,-557.0,Invalid,signal,1.0,4131.8208455001,1.0,2.0,2.9610353000462055,10,-10,187
742,6,-1716.0,Valid,signal,1.0,4135.771889800206,1.0,3.0,2.5937119000591338,30,-30,188
743,6,2274.0,Valid,signal,0,4139.084698700113,0.0,3.0,2.2150408001616597,40,40,185
744,6,-1158.0,Valid,signal,0,4142.395794100128,0.0,3.0,2.310845399973914,20,-20,184
745,6,2274.0,Valid,noise,0,4145.35599800013,1.0,3.0,1.93330160016194,40,40,186
746,6,2274.0,Valid,signal,0,4148.379854900064,0.0,3.0,2.040949300164357,40,40,187
747,6,-1158.0,Valid,signal,0,4151.2440833,0.0,3.0,1.8273919001221657,20,-20,185
748,6,-557.0,Valid,noise,0,4154.284237100044,1.0,3.0,2.0123329998459667,10,-10,188
749,6,-2274.0,Valid,signal,0,4157.21301510022,0.0,3.0,1.980006699915975,40,-40,188
750,6,2274.0,Valid,noise,0,4160.139739100123,1.0,3.0,1.9118294001091272,40,40,189
751,6,-2274.0,Invalid,signal,0,4163.324084700085,0.0,3.0,2.128103099996224,40,-40,190
752,6,-557.0,Valid,noise,0,4166.125029100105,1.0,3.0,1.8126871001441032,10,-10,189
753,6,-2274.0,Valid,signal,0,4169.11631130008,0.0,3.0,2.295904600061476,40,-40,191
754,6,-1158.0,Valid,noise,0,4172.460539699998,1.0,3.0,2.045364100020379,20,-20,186
755,6,1158.0,Valid,signal,0,4175.659723700024,0.0,2.0,2.562971099978313,20,20,187
756,6,-1158.0,Valid,noise,1.0,4179.30773780006,0.0,2.0,2.511091100051999,20,-20,188
757,6,-2274.0,Valid,noise,0,4184.940099700121,1.0,2.0,4.746943000005558,40,-40,192
758,6,-2274.0,Valid,noise,0,4189.355619300157,1.0,3.0,3.1289528000634164,40,-40,193
759,6,-557.0,Valid,noise,0,4192.811951700132,1.0,4.0,2.512857099995017,10,-10,190
760,6,1716.0,Valid,noise,0,4195.948860500008,1.0,3.0,1.99514070013538,30,30,189
761,6,-1158.0,Valid,signal,0,4198.957054800121,0.0,3.0,2.2137332998681813,20,-20,189
762,6,-1716.0,Valid,signal,0,4201.9324835001025,0.0,3.0,1.810388300102204,30,-30,190
763,6,557.0,Invalid,noise,0,4204.955614400096,1.0,3.0,1.9122468000277877,10,10,191
764,6,1158.0,Invalid,noise,0,4207.836659200024,1.0,3.0,1.979576800018549,20,20,190
765,6,-557.0,Valid,noise,0,4210.651817700127,1.0,3.0,1.895555700175464,10,-10,192
766,6,-2274.0,Valid,signal,0,4214.396759600146,0.0,3.0,2.6111278999596834,40,-40,194
767,6,-1158.0,Invalid,signal,0,4217.948221400147,0.0,3.0,2.5297519001178443,20,-20,191
768,6,2274.0,Valid,signal,0,4221.211841800017,0.0,3.0,2.228538600029424,40,40,195
769,6,2274.0,Valid,signal,0,4224.507564200088,0.0,3.0,2.3450628998689353,40,40,196
770,6,2274.0,Valid,noise,0,4227.820882900152,1.0,3.0,2.297357599949464,40,40,197
771,6,-1716.0,Valid,signal,0,4230.844250300201,0.0,3.0,2.028706999961287,30,-30,191
772,6,-2274.0,Valid,signal,0,4233.788586200215,0.0,3.0,1.9290168001316488,40,-40,198
773,6,-1158.0,Valid,noise,0,4236.79658100009,1.0,3.0,2.078945399960503,20,-20,192
774,6,557.0,Valid,signal,1.0,4240.0435661000665,1.0,2.0,2.4280985000077635,10,10,193
775,6,-2274.0,Valid,signal,0,4243.964543800103,0.0,2.0,4.080228199949488,40,-40,199
776,6,-557.0,Valid,signal,0,4248.6528999002185,0.0,3.0,2.230955099919811,10,-10,194
777,6,1716.0,Invalid,signal,1.0,4251.979967000196,1.0,2.0,2.4919698999729007,30,30,192
778,6,1716.0,Valid,noise,0,4255.179647100158,1.0,3.0,2.462948300177231,30,30,193
779,6,1716.0,Invalid,signal,0,4258.924978800118,0.0,2.0,2.4794660001061857,30,30,194
780,6,-1716.0,Valid,signal,0,4262.411951500224,0.0,3.0,2.3787795999087393,30,-30,195
781,6,1158.0,Valid,noise,1.0,4266.684510900173,0.0,2.0,3.612835999811068,20,20,193
782,6,1716.0,Valid,noise,0,4270.187659100164,1.0,2.0,2.211750900140032,30,30,196
783,6,1158.0,Valid,signal,0,4273.37223980017,0.0,3.0,2.096249299822375,20,20,194
784,6,557.0,Valid,noise,1.0,4276.603556900052,0.0,2.0,2.261218799976632,10,10,195
785,6,1716.0,Valid,signal,0,4282.41173990001,0.0,2.0,5.013291000155732,30,30,197
786,6,1158.0,Valid,signal,0,4285.548394800164,0.0,3.0,1.845578599954024,20,20,195
787,6,1716.0,Invalid,noise,0,4288.380280400161,1.0,3.0,1.879252300132066,30,30,198
788,6,-1716.0,Valid,signal,0,4291.355730500072,0.0,3.0,2.0293320999480784,30,-30,199
789,6,-2274.0,Invalid,noise,0,4294.4278137001675,1.0,3.0,2.077971199993044,40,-40,200
790,6,-557.0,Valid,signal,0,4297.531627200078,0.0,2.0,2.1785306001547724,10,-10,196
791,6,1716.0,Invalid,noise,0,4300.587654500036,1.0,3.0,1.9964807000942528,30,30,200
792,6,-557.0,Invalid,signal,1.0,4303.836608900223,1.0,2.0,2.5133495000191033,10,-10,197
793,6,1716.0,Valid,noise,0,4307.307512900094,1.0,3.0,2.010469000088051,30,30,201
794,6,1716.0,Valid,noise,0,4310.411948600085,1.0,3.0,2.5286507001146674,30,30,202
795,6,2274.0,Valid,noise,0,4313.915627900045,1.0,2.0,2.2794772000052035,40,40,201
796,6,2274.0,Valid,noise,0,4317.004828700097,1.0,3.0,1.9804122999776157,40,40,202
797,6,-557.0,Valid,noise,1.0,4320.332184000174,0.0,3.0,2.39408400002867,10,-10,198
798,6,557.0,Valid,signal,1.0,4323.691899400204,1.0,3.0,2.2626543999649584,10,10,199
799,6,-557.0,Valid,signal,1.0,4327.116293500178,1.0,4.0,2.5135011000093073,10,-10,200
800,6,-557.0,Valid,noise,1.0,4330.412334199995,0.0,1.0,2.461183399893343,10,-10,201
801,6,-557.0,Valid,noise,0,4334.139777900185,1.0,2.0,2.47966569988057,10,-10,202
802,6,-1716.0,Valid,signal,0,4337.244342100108,0.0,2.0,2.3961471000220627,30,-30,203
803,6,1716.0,Valid,noise,0,4350.316413300112,1.0,3.0,12.01675509987399,30,30,204
804,6,1158.0,Valid,signal,0,4354.812919100048,0.0,2.0,3.260741899954155,20,20,196
805,6,-1158.0,Valid,noise,0,4358.220468400046,1.0,3.0,2.362242199946195,20,-20,197
806,6,2274.0,Invalid,signal,0,4361.164323600009,0.0,3.0,1.9464147998951375,40,40,203
807,6,-1716.0,Invalid,noise,0,4364.2039252000395,1.0,3.0,2.07789870002307,30,-30,205
808,6,1716.0,Valid,noise,0,4367.515583300032,1.0,3.0,2.2942500000353903,30,30,206
809,6,-1158.0,Valid,signal,0,4370.476702100132,0.0,3.0,1.9142468001227824,20,-20,198
810,6,557.0,Valid,signal,0,4373.596878600074,0.0,2.0,2.312530600000173,10,10,203
811,6,-1716.0,Valid,noise,0,4376.907603500178,1.0,2.0,2.2293066999409348,30,-30,207
812,6,-2274.0,Valid,noise,0,4380.123982000165,1.0,2.0,2.327727399999276,40,-40,204
813,6,-1158.0,Valid,noise,0,4383.532014300115,1.0,2.0,2.0960323000326753,20,-20,199
814,6,1158.0,Invalid,signal,0,4386.299853000091,0.0,2.0,1.980334399966523,20,20,200
815,6,1158.0,Invalid,noise,0,4389.627802400151,1.0,2.0,2.2102428001817316,20,20,201
816,6,-2274.0,Valid,noise,0,4393.1481602001,1.0,2.0,2.511594400042668,40,-40,205
817,6,557.0,Valid,noise,0,4396.0126732999925,1.0,2.0,1.8481166998390108,10,10,204
818,6,2274.0,Valid,noise,0,4399.147978099994,1.0,2.0,2.1773326001130044,40,40,206
819,6,-2274.0,Valid,noise,0,4402.508250900079,1.0,1.0,2.378244400024414,40,-40,207
820,6,-557.0,Valid,signal,0,4405.5476317000575,0.0,1.0,2.7979127999860793,10,-10,205
821,6,1716.0,Valid,signal,1.0,4409.723765200004,1.0,2.0,2.426269899820909,30,30,208
822,6,2274.0,Valid,signal,0,4413.148254700005,0.0,2.0,2.414097199914977,40,40,208
823,6,1158.0,Valid,signal,0,4416.331479300046,0.0,2.0,2.377528900047764,20,20,202
824,6,-2274.0,Invalid,signal,0,4419.804556600051,0.0,2.0,2.3294084998779,40,-40,209
825,6,557.0,Valid,signal,0,4422.9247321002185,0.0,2.0,1.9452464999631047,10,10,206
826,6,2274.0,Valid,noise,0,4426.380752400029,1.0,2.0,2.581330999964848,40,40,210
827,6,557.0,Valid,signal,1.0,4429.724249200197,1.0,4.0,2.4117253001313657,10,10,207
828,6,-1716.0,Valid,noise,0,4433.036273000063,1.0,3.0,2.0109410998411477,30,-30,209
829,6,2274.0,Valid,noise,0,4436.059945800109,1.0,2.0,2.144770000129938,40,40,211
830,6,-1716.0,Valid,noise,0,4439.707607200136,1.0,3.0,2.697145299986005,30,-30,210
831,6,1158.0,Valid,noise,0,4442.907680500066,1.0,3.0,2.0602506999857724,20,20,203
832,6,1716.0,Valid,signal,1.0,4446.332574200118,1.0,4.0,2.531734999967739,30,30,211
833,6,-1158.0,Valid,signal,0,4449.724527000217,0.0,3.0,2.2610781001858413,20,-20,204
834,6,557.0,Valid,noise,0,4452.956699200207,1.0,3.0,2.278389299986884,10,10,208
835,6,-1158.0,Valid,noise,0,4456.028007200221,1.0,3.0,2.0792775000445545,20,-20,205
836,6,-1716.0,Valid,noise,0,4459.227535500191,1.0,3.0,2.1480139000341296,30,-30,212
837,6,557.0,Valid,signal,1.0,4463.932163499994,1.0,4.0,4.244486100040376,10,10,209
838,6,1158.0,Valid,signal,1.0,4467.756477200193,1.0,4.0,2.378426000010222,20,20,206
839,6,-557.0,Valid,signal,1.0,4470.972078400198,1.0,4.0,2.2973307999782264,10,-10,210
840,6,-1716.0,Valid,noise,0,4474.219603900099,1.0,3.0,2.1624131000135094,30,-30,213
841,6,557.0,Valid,noise,0,4477.163587599993,1.0,3.0,1.8419896000996232,10,10,211
842,6,-2274.0,Valid,noise,0,4480.2363355001435,1.0,2.0,2.21308090002276,40,-40,212
843,6,-2274.0,Valid,signal,0,4483.660629500169,0.0,3.0,2.279272599844262,40,-40,213
844,6,-557.0,Valid,signal,1.0,4486.7485846001655,1.0,3.0,2.112218900118023,10,-10,212
845,6,1158.0,Valid,signal,0,4489.963610800216,0.0,3.0,2.6783138001337647,20,20,207
846,6,1716.0,Valid,noise,0,4493.867493200116,1.0,3.0,2.54747959994711,30,30,214
847,6,-1158.0,Invalid,signal,0,4497.132185300114,0.0,3.0,2.279379100073129,20,-20,208
848,6,1716.0,Valid,signal,0,4500.316535999998,0.0,3.0,2.0581595001276582,30,30,215
849,6,557.0,Invalid,signal,0,4503.483587100171,0.0,3.0,2.0971996998414397,10,10,213
850,6,-557.0,Invalid,noise,0,4506.332365100039,1.0,3.0,1.844719999935478,10,-10,214
851,6,-1716.0,Invalid,signal,0,4509.659454100067,0.0,3.0,2.4473335000220686,30,-30,216
852,6,1158.0,Valid,signal,0,4512.8446166000795,0.0,2.0,2.161500500049442,20,20,209
853,6,557.0,Valid,noise,0,4517.8036301000975,1.0,2.0,4.1803753999993205,10,10,215
854,6,-2274.0,Invalid,noise,0,4527.899706500117,1.0,2.0,8.864560300018638,40,-40,214
855,6,1716.0,Valid,signal,0,4530.923726400128,0.0,3.0,1.9445499000139537,30,30,217
856,6,-1158.0,Invalid,noise,1.0,4534.236748000141,0.0,2.0,2.713167800102383,20,-20,210
857,6,-2274.0,Valid,noise,0,4537.964670600137,1.0,2.0,2.2783927000127733,40,-40,215
858,6,-1158.0,Valid,signal,1.0,4541.5481359001715,1.0,3.0,2.6624233999755234,20,-20,211
859,6,-1158.0,Valid,noise,0,4544.7962766001,1.0,2.0,2.4120410000905395,20,-20,212
860,6,-1716.0,Valid,noise,0,4548.123862300068,1.0,3.0,2.2292584001552314,30,-30,218
861,6,-1716.0,Valid,noise,0,4552.011963200057,1.0,1.0,2.8288271999917924,30,-30,219
862,6,-1158.0,Valid,signal,0,4555.548318500165,0.0,2.0,2.4622168000787497,20,-20,213
863,6,1158.0,Invalid,signal,1.0,4559.020017100032,1.0,3.0,2.4295943998731673,20,20,214
864,6,-2274.0,Valid,signal,0,4563.452823100146,0.0,2.0,3.5290724001824856,40,-40,216
865,6,557.0,Valid,noise,0,4566.956482700072,1.0,2.0,2.947310399962589,10,10,216
866,6,557.0,Valid,signal,1.0,4570.6686488999985,1.0,3.0,2.110522300004959,10,10,217
867,6,-557.0,Valid,signal,1.0,4573.676105900202,1.0,3.0,2.0438189001288265,10,-10,218
868,6,-557.0,Valid,noise,1.0,4576.748526100069,0.0,2.0,2.5488421998452395,10,-10,219
869,6,2274.0,Invalid,noise,0,4580.3636711,1.0,3.0,2.5116924999747425,40,40,217
870,6,1158.0,Valid,signal,0,4583.851732200012,0.0,3.0,2.1280596998985857,20,20,215
871,6,1716.0,Valid,signal,1.0,4587.227748800069,1.0,4.0,3.1303702001459897,30,30,220
872,6,-2274.0,Valid,noise,0,4591.243565000128,1.0,3.0,2.128929400118068,40,-40,218
873,6,1158.0,Valid,noise,1.0,4594.587834500009,0.0,2.0,2.477716000052169,20,20,216
874,6,2274.0,Valid,signal,0,4597.772259199992,0.0,3.0,2.112313900142908,40,40,219
875,6,1158.0,Valid,noise,0,4601.212661800208,1.0,3.0,2.429289799882099,20,20,217
876,6,1158.0,Valid,noise,0,4604.300571300089,1.0,3.0,2.111830900190398,20,20,218
877,6,-1158.0,Valid,signal,0,4607.371711000102,0.0,3.0,2.0618261001072824,20,-20,219
878,6,2274.0,Invalid,signal,0,4610.491394300014,0.0,3.0,2.012521400116384,40,40,220
879,6,-1158.0,Invalid,noise,1.0,4613.820340600098,0.0,2.0,2.679386399919167,20,-20,220
880,6,557.0,Valid,noise,1.0,4617.531516000163,0.0,2.0,2.7306303000077605,10,10,220
881,6,-2274.0,Valid,signal,0,4764.236069800099,0.0,1.0,9.93630599998869,40,-40,221
882,6,2274.0,Invalid,signal,0,4774.55604260019,0.0,3.0,8.312089200131595,40,40,222
883,6,1716.0,Invalid,noise,0,4778.284687600099,1.0,3.0,1.8461298998445272,30,30,221
884,6,2274.0,Valid,signal,0,4781.372510200134,0.0,3.0,2.094988500000909,40,40,223
885,6,-557.0,Valid,signal,1.0,4784.523460500175,1.0,1.0,2.4286436000838876,10,-10,221
886,6,557.0,Invalid,noise,1.0,4788.1873388001695,0.0,1.0,4.247461799997836,10,10,222
887,6,-557.0,Valid,noise,1.0,4793.307589400094,0.0,1.0,3.946198999881744,10,-10,223
888,6,-557.0,Valid,noise,0,4798.2843105001375,1.0,3.0,2.2790409000590444,10,-10,224
889,6,-2274.0,Valid,signal,0,4801.515721300151,0.0,3.0,2.195108799962327,40,-40,224
890,6,1158.0,Valid,noise,0,4804.6839625001885,1.0,3.0,2.145653899991885,20,20,221
891,6,-1716.0,Invalid,noise,0,4807.724137800047,1.0,3.0,2.046386800007894,30,-30,222
892,6,2274.0,Valid,signal,0,4810.892195400083,0.0,3.0,2.210878800135106,40,40,225
893,6,-1716.0,Valid,signal,0,4813.980692000128,0.0,3.0,2.030563599895686,30,-30,223
894,6,-2274.0,Valid,noise,0,4816.892193500185,1.0,3.0,1.9269771999679504,40,-40,226
895,6,-1716.0,Valid,noise,0,4819.72338160011,1.0,3.0,1.7949089999310672,30,-30,224
896,6,-2274.0,Invalid,signal,0,4822.716325200163,0.0,3.0,2.0791102000512183,40,-40,227
897,6,2274.0,Invalid,noise,0,4825.8364362001885,1.0,3.0,2.0801727001089603,40,40,228
898,6,557.0,Valid,noise,0,4830.235569600016,1.0,3.0,3.86166590009816,10,10,225
899,6,1716.0,Valid,noise,0,4833.788038800005,1.0,3.0,2.06340859993361,30,30,225
900,6,1716.0,Valid,noise,0,4836.716646200046,1.0,3.0,1.9280536000151187,30,30,226
901,6,2274.0,Valid,signal,0,4839.659357600147,0.0,3.0,1.8939912000205368,40,40,229
902,6,-557.0,Valid,noise,0,4842.715866900049,1.0,3.0,2.131630899850279,10,-10,226
903,6,-2274.0,Valid,signal,0,4845.59646840021,0.0,3.0,1.844311999855563,40,-40,230
904,6,2274.0,Valid,signal,0,4848.779788900167,0.0,3.0,2.131078900070861,40,40,231
905,6,-557.0,Valid,signal,1.0,4852.123466500081,1.0,3.0,2.392122399993241,10,-10,227
906,6,-2274.0,Valid,noise,0,4854.9552752000745,1.0,3.0,1.7781401998363435,40,-40,232
907,6,1716.0,Valid,noise,0,4858.1074199001305,1.0,3.0,2.1806624999735504,30,30,227
908,6,-1158.0,Valid,signal,0,4861.227754299995,0.0,3.0,2.1444439999759197,20,-20,222
909,6,2274.0,Valid,noise,0,4864.4438971001655,1.0,3.0,3.115263900021091,40,40,233
910,6,557.0,Valid,signal,0,4868.651449100114,0.0,3.0,2.1476541999727488,10,10,228
911,6,1158.0,Valid,noise,0,4872.252170900116,1.0,3.0,2.658001899952069,20,20,223
912,6,-1158.0,Valid,signal,0,4875.16397210001,0.0,3.0,1.995468100067228,20,-20,224
913,6,1158.0,Valid,noise,0,4878.33152300003,1.0,3.0,2.045172599842772,20,20,225
914,6,-2274.0,Valid,noise,0,4881.116636499995,1.0,3.0,1.9121904999483377,40,-40,234
915,6,-2274.0,Invalid,noise,0,4884.251880200114,1.0,3.0,2.013239699881524,40,-40,235
916,6,-1716.0,Valid,signal,0,4887.515456400113,0.0,3.0,2.277708000037819,30,-30,228
917,6,2274.0,Valid,signal,0,4890.395919200033,0.0,3.0,1.861496299970895,40,40,236
918,6,-557.0,Valid,noise,0,4893.356174300192,1.0,3.0,1.9813457999844104,10,-10,229
919,6,1716.0,Valid,signal,0,4896.4122185001615,0.0,3.0,2.0942147001624107,30,30,229
920,6,1158.0,Valid,noise,0,4899.515528400196,1.0,3.0,2.044562699971721,20,20,226
921,6,557.0,Valid,signal,0,4902.539544800064,0.0,3.0,2.063958000158891,10,10,230
922,6,557.0,Valid,noise,0,4905.836530200206,1.0,3.0,2.228627000004053,10,10,231
923,6,1716.0,Valid,signal,0,4909.148471500026,0.0,3.0,2.310782799962908,30,30,230
924,6,1158.0,Valid,signal,0,4912.58738910011,0.0,3.0,2.5310649999883026,20,20,227
925,6,-557.0,Valid,noise,0,4915.93261420005,1.0,3.0,2.228417000034824,10,-10,232
926,6,-557.0,Valid,noise,0,4918.955333900172,1.0,3.0,2.0274413998704404,10,-10,233
927,6,-557.0,Invalid,signal,0,4922.251872400055,0.0,3.0,2.3957571999635547,10,-10,234
928,6,-1716.0,Valid,noise,0,4925.3238325000275,1.0,3.0,2.09519480005838,30,-30,231
929,6,2274.0,Valid,noise,0,4928.619262300199,1.0,3.0,2.194843600038439,40,40,237
930,6,-557.0,Valid,signal,0,4932.619791800156,0.0,3.0,3.0972277000546455,10,-10,235
931,6,1716.0,Invalid,signal,0,4935.627623900073,0.0,3.0,1.846463399939239,30,30,232
932,6,-1158.0,Valid,signal,0,4938.380448200041,0.0,2.0,2.1792636001482606,20,-20,228
933,6,-1716.0,Valid,signal,1.0,4941.883268800098,1.0,3.0,2.4120412999764085,30,-30,233
934,6,-1716.0,Invalid,signal,1.0,4945.163514200132,1.0,3.0,1.9785174999851731,30,-30,234
935,6,-2274.0,Valid,noise,0,4948.475969500141,1.0,3.0,2.262165099848062,40,-40,238
936,6,-1158.0,Valid,noise,0,4951.579837900121,1.0,3.0,2.1103034000843763,20,-20,229
937,6,557.0,Valid,signal,1.0,4954.747991900193,1.0,3.0,2.2485646000131965,10,10,236
938,6,2274.0,Valid,noise,0,4957.915554200066,1.0,3.0,2.1616187999024987,40,40,239
939,6,-2274.0,Invalid,noise,0,4960.907352700131,1.0,3.0,1.9765135999768972,40,-40,240
940,6,-1716.0,Valid,noise,0,4963.980063300114,1.0,3.0,2.0632088999263942,30,-30,235
941,6,-557.0,Valid,signal,1.0,4967.067956900224,1.0,4.0,2.997832200024277,10,-10,237
942,6,1158.0,Invalid,signal,1.0,4971.18012210005,1.0,4.0,2.310233000200242,20,20,230
943,6,1716.0,Valid,signal,0,4974.491919000167,0.0,3.0,2.363825799897313,30,30,236
944,6,-557.0,Invalid,noise,1.0,4977.963602400152,0.0,1.0,2.593305099988356,10,-10,238
945,6,-557.0,Valid,signal,1.0,4981.515584600158,1.0,4.0,2.3805994000285864,10,-10,239
946,6,2274.0,Valid,noise,0,4984.8603916000575,1.0,3.0,2.161656599957496,40,40,241
947,6,557.0,Valid,noise,0,4987.916299500037,1.0,3.0,2.0952969000209123,10,10,240
948,6,-1716.0,Valid,noise,0,4991.1000509001315,1.0,3.0,2.2470419998280704,30,-30,237
949,6,-1716.0,Valid,signal,1.0,4994.348115500063,1.0,4.0,2.3934750999324024,30,-30,238
950,6,2274.0,Valid,signal,0,4997.675305300159,0.0,3.0,2.029235600028187,40,40,242
951,6,2274.0,Valid,noise,0,5003.676313200034,1.0,1.0,5.248692200053483,40,40,243
952,6,557.0,Valid,signal,0,5007.020092600025,0.0,1.0,2.577134700026363,10,10,241
953,6,1158.0,Valid,noise,1.0,5010.54037380009,0.0,3.0,2.045583799947053,20,20,231
954,6,-2274.0,Invalid,signal,0,5014.203231000109,0.0,2.0,2.746985200094059,40,-40,244
955,6,-1716.0,Invalid,signal,0,5017.627188600134,0.0,3.0,2.327796099940315,30,-30,239
956,6,1716.0,Invalid,noise,0,5020.571625000099,1.0,3.0,2.280023100087419,30,30,240
957,6,2274.0,Valid,noise,0,5023.8837696001865,1.0,3.0,1.945275800069794,40,40,245
958,6,-2274.0,Valid,noise,0,5027.116466100095,1.0,3.0,2.29825280001387,40,-40,246
959,6,557.0,Valid,signal,1.0,5030.4433486000635,1.0,4.0,2.3250124000478536,10,10,242
960,6,2274.0,Valid,noise,0,5033.644170400221,1.0,3.0,2.333371300017461,40,40,247
961,6,-557.0,Valid,signal,1.0,5036.796603500145,1.0,4.0,2.125754199922085,10,-10,243
962,6,-1158.0,Valid,signal,1.0,5040.076581500005,1.0,4.0,2.246267900103703,20,-20,232
963,6,1716.0,Valid,signal,0,5043.499378300039,0.0,2.0,2.6111826999112964,30,30,241
964,6,-2274.0,Valid,noise,1.0,5047.003539000172,0.0,1.0,3.1472793999128044,40,-40,248
965,6,557.0,Valid,signal,0,5051.131122200051,0.0,2.0,2.428299200022593,10,10,244
966,6,1158.0,Valid,signal,1.0,5054.491522200173,1.0,4.0,2.261261699954048,20,20,233
967,6,-1158.0,Invalid,noise,1.0,5057.867757500149,0.0,3.0,2.4133721999824047,20,-20,234
968,6,-2274.0,Valid,noise,0,5061.756578100147,1.0,2.0,2.694252399960533,40,-40,249
969,6,-2274.0,Valid,signal,0,5065.0523034001235,0.0,2.0,2.2618318998720497,40,-40,250
970,6,-1158.0,Valid,signal,1.0,5068.39611630002,1.0,2.0,2.5810437998734415,20,-20,235
971,6,557.0,Valid,noise,0,5072.412543300074,1.0,2.0,3.163579300045967,10,10,245
972,6,1158.0,Valid,signal,1.0,5075.948160300031,1.0,2.0,2.843630800023675,20,20,236
973,6,557.0,Invalid,signal,1.0,5085.419415200129,1.0,3.0,7.815208799904212,10,10,246
974,6,557.0,Invalid,noise,0,5088.84427690017,1.0,3.0,2.360819400055334,10,10,247
975,6,-1158.0,Valid,signal,0,5091.80315780011,0.0,3.0,1.9619628000073135,20,-20,237
976,6,2274.0,Invalid,noise,0,5094.715439100051,1.0,3.0,1.898999199969694,40,40,251
977,6,1158.0,Valid,signal,0,5097.707809000043,0.0,3.0,1.9426835000049325,20,20,238
978,6,2274.0,Valid,noise,0,5100.715877800016,1.0,3.0,1.911660700105131,40,40,252
979,6,-1158.0,Invalid,signal,0,5103.659937700024,0.0,3.0,2.0796849001199007,20,-20,239
980,6,1158.0,Invalid,noise,0,5106.444280900061,1.0,3.0,1.7269669000525028,20,20,240
981,6,1158.0,Valid,noise,0,5110.555129100103,1.0,3.0,3.3656894001178443,20,20,241
982,6,557.0,Valid,noise,0,5113.787337500136,1.0,3.0,1.9435552000068128,10,10,248
983,6,-1158.0,Valid,noise,0,5116.811309200013,1.0,3.0,1.9797151000238955,20,-20,242
984,6,1716.0,Valid,noise,0,5119.787459000014,1.0,3.0,2.0105254999361932,30,30,242
985,6,1158.0,Invalid,signal,1.0,5122.956451100064,1.0,4.0,2.3309813998639584,20,20,243
986,6,-1158.0,Valid,noise,1.0,5126.20430800016,0.0,2.0,2.1942102001048625,20,-20,244
987,6,-1716.0,Valid,noise,0,5129.323793000076,1.0,3.0,1.9948233999311924,30,-30,243
988,6,-1158.0,Valid,noise,0,5132.267323500011,1.0,3.0,1.912007699953392,20,-20,245
989,6,1716.0,Valid,noise,0,5135.09939200012,1.0,3.0,1.879167899955064,30,30,244
990,6,1158.0,Invalid,noise,0,5137.947845300194,1.0,3.0,1.795066999970004,20,20,246
991,6,1716.0,Valid,noise,0,5140.747755400138,1.0,3.0,1.7462586001493037,30,30,245
992,6,-557.0,Valid,signal,0,5143.6751271001995,0.0,3.0,1.966650400077924,10,-10,249
993,6,-1158.0,Valid,signal,0,5146.604112400208,0.0,3.0,1.9417173999827355,20,-20,247
994,6,557.0,Valid,signal,0,5149.32394290017,0.0,3.0,1.6776358999777583,10,10,250
995,6,-1716.0,Invalid,noise,1.0,5152.267192600062,0.0,1.0,2.3292656999547035,30,-30,246
996,6,-2274.0,Valid,signal,1.0,5155.675208000001,1.0,3.0,2.196172800147906,40,-40,253
997,6,1158.0,Valid,noise,0,5159.484066100093,1.0,3.0,3.0946278998162597,20,20,248
998,6,1158.0,Valid,signal,0,5162.908219800098,0.0,3.0,2.029780500102788,20,20,249
999,6,-1716.0,Valid,signal,0,5166.347470300039,0.0,3.0,2.396664100000635,30,-30,247
1000,6,-1158.0,Invalid,signal,1.0,5169.611593700014,1.0,3.0,2.3279187998268753,20,-20,250
1001,6,1716.0,Valid,noise,0,5172.475596100092,1.0,3.0,1.7622644999064505,30,30,248
1002,6,557.0,Valid,noise,0,5175.9483005001675,1.0,3.0,2.7973385001532733,10,10,251
1003,6,-557.0,Valid,noise,0,5179.387216500007,1.0,3.0,2.127600899897516,10,-10,252
1004,6,1716.0,Valid,noise,0,5182.44447470014,1.0,3.0,1.9952593001071364,30,30,249
1005,6,-1716.0,Valid,noise,0,5185.243426900124,1.0,3.0,1.8129893001168969,30,-30,250
1006,6,-1158.0,Valid,noise,0,5188.971250900067,1.0,3.0,2.82616710010916,20,-20,251
1007,6,557.0,Valid,noise,0,5192.012459899997,1.0,3.0,2.0799353001639247,10,10,253
1008,6,1158.0,Valid,signal,0,5194.988301200094,0.0,2.0,2.1632131000515074,20,20,252
1009,6,-1158.0,Valid,noise,0,5198.556111300131,1.0,3.0,2.4286278998479247,20,-20,253
1010,6,2274.0,Valid,signal,0,5201.61187230004,0.0,3.0,1.9452488000970336,40,40,254
1011,6,557.0,Valid,noise,0,5204.69989210018,1.0,3.0,2.1122740998398513,10,10,254
1012,6,1716.0,Valid,signal,0,5207.900229500141,0.0,3.0,2.1304438000079244,30,30,251
1013,6,-557.0,Invalid,signal,1.0,5211.083328100154,1.0,4.0,3.0783687999937683,10,-10,255
1014,6,2274.0,Valid,signal,0,5215.116455900017,0.0,3.0,2.11184210004285,40,40,255
1015,6,2274.0,Valid,noise,0,5217.980342600029,1.0,3.0,1.895940100075677,40,40,256
1016,6,1158.0,Valid,signal,1.0,5221.787164400099,1.0,2.0,2.928678500000387,20,20,254
1017,6,1158.0,Valid,noise,0,5225.30713890004,1.0,3.0,2.3957234998233616,20,20,255
1018,6,-1716.0,Valid,signal,1.0,5228.364283700008,1.0,3.0,2.130135199986398,30,-30,252
1019,6,-1716.0,Valid,signal,1.0,5231.692060300149,1.0,4.0,2.3620591000653803,30,-30,253
1020,6,-2274.0,Valid,signal,0,5234.908508500084,0.0,3.0,2.629565600072965,40,-40,257
1021,6,-1716.0,Valid,noise,0,5238.699959499994,1.0,3.0,2.209106900030747,30,-30,254
1022,6,1716.0,Valid,signal,0,5241.947952100076,0.0,3.0,2.4300051000900567,30,30,255
1023,6,-557.0,Invalid,noise,0,5245.643584500067,1.0,3.0,2.628423099871725,10,-10,256
1024,6,2274.0,Invalid,signal,0,5249.5315249999985,0.0,3.0,2.76351960003376,40,40,258
1025,6,1716.0,Valid,signal,1.0,5253.435926300008,1.0,2.0,3.047793500125408,30,30,256
1026,6,2274.0,Valid,signal,0,5257.292363800108,0.0,1.0,2.8780647998210043,40,40,259
1027,6,-1716.0,Valid,noise,0,5260.571355700027,1.0,3.0,2.3452196998987347,30,-30,257
1028,6,557.0,Valid,noise,0,5264.028071800014,1.0,2.0,2.278879800112918,10,10,257
1029,6,-1158.0,Valid,noise,0,5267.099473500159,1.0,2.0,2.1633081999607384,20,-20,256
1030,6,557.0,Valid,signal,0,5270.171338800108,0.0,3.0,2.0282405999023467,10,10,258
1031,6,-1716.0,Valid,signal,0,5273.3873664001,0.0,2.0,2.143607300007716,30,-30,258
1032,6,-1716.0,Valid,signal,0,5276.524104300188,0.0,2.0,2.2466647000983357,30,-30,259
1033,6,-557.0,Valid,noise,0,5279.771051300224,1.0,2.0,2.0785302000585943,10,-10,259
1034,6,1716.0,Valid,noise,0,5283.867922100006,1.0,3.0,3.1114229999948293,30,30,260
1035,6,557.0,Valid,signal,0,5287.164232100127,0.0,3.0,2.213236400159076,10,10,260
1036,6,-557.0,Valid,signal,0,5290.171641200082,0.0,2.0,2.4810910001397133,10,-10,261
1037,6,-2274.0,Valid,signal,0,5293.691661300138,0.0,3.0,2.1425993000157177,40,-40,260
1038,6,-1158.0,Invalid,noise,0,5296.987483700039,1.0,3.0,2.18066109996289,20,-20,257
1039,6,-2274.0,Valid,noise,0,5300.315389800118,1.0,3.0,2.429002600023523,40,-40,261
1040,6,1158.0,Valid,noise,0,5303.56299370015,1.0,3.0,2.2297383002005517,20,20,258
1041,6,-2274.0,Valid,signal,0,5307.771188700106,0.0,3.0,3.2293147000018507,40,-40,262
1042,6,1716.0,Valid,signal,0,5310.795745200012,0.0,3.0,1.944724699947983,30,30,261
1043,6,-2274.0,Valid,noise,0,5317.434990200214,1.0,3.0,5.813502799952403,40,-40,263
1044,6,1716.0,Valid,signal,0,5320.74807200022,0.0,3.0,2.096996800042689,30,30,262
1045,6,-1158.0,Valid,signal,0,5323.756095500197,0.0,3.0,2.009533500066027,20,-20,259
1046,6,1158.0,Valid,signal,0,5326.779297700152,0.0,3.0,2.046002499992028,20,20,260
1047,6,-1716.0,Valid,noise,0,5329.820128099993,1.0,3.0,2.0626200998667628,30,-30,263
1048,6,-1158.0,Valid,noise,0,5332.844012000132,1.0,3.0,1.9452429001685232,20,-20,261
1049,6,-1158.0,Valid,signal,1.0,5335.788357100217,1.0,4.0,2.1976063998881727,20,-20,262
1050,6,-1158.0,Valid,noise,0,5338.8753014001995,1.0,3.0,1.8609402000438424,20,-20,263
1051,6,-2274.0,Valid,signal,1.0,5342.219571200199,1.0,2.0,2.761234200093895,40,-40,264
1052,6,-557.0,Valid,noise,1.0,5345.723555800039,0.0,1.0,2.229793099919334,10,-10,262
1053,6,1716.0,Invalid,signal,1.0,5349.259334800066,1.0,2.0,2.5451934998854995,30,30,264
1054,6,1158.0,Valid,signal,0,5352.540403500199,0.0,3.0,2.07993120001629,20,20,264
1055,6,-557.0,Valid,signal,1.0,5355.691388400039,1.0,3.0,2.3630268999841064,10,-10,263
1056,6,557.0,Invalid,signal,0,5358.795763500035,0.0,3.0,1.97627090010792,10,10,264
