subjectid,degrees,validity,hitrate,falsealarms,mratio,avgcorrectconf,s,avgconf,dprimea,criterion,criteriona,dprime,metadprimeusings,mdiff,avgincorrectconf
1,10.0,Invalid,0.791666667,0.041666667,0.903190177,3.523809524,0.4496961,3.416666667,1.891443913,0.459723297,-0.020958419,2.543882198,1.714046475,-0.183722698,2.666666667
1,10.0,Valid,0.796296296,0.037037037,0.993468079,3.694736842,0.374066809,3.587962963,2.083516524,0.478845456,-0.103028949,2.61462021,1.932128745,-0.01270349,2.807692308
1,20.0,Invalid,0.916666667,0.25,1.179653759,3.2,0.766053989,3.0,2.124094295,-0.354252188,-0.5119052,2.057483877,2.349913991,0.357876943,2.0
1,20.0,Valid,0.907407407,0.101851852,0.299322078,3.179487179,0.625764892,3.12962963,2.084213413,-0.026943784,-0.248170678,2.59602781,0.748341283,-1.751779286,2.666666667
1,30.0,Invalid,0.708333333,0.125,0.239090041,2.710526316,1.119165219,2.625,1.242982792,0.300913549,0.28070617,1.698871663,0.390529663,-1.242870291,2.3
1,30.0,Valid,0.722222222,0.157407407,1.159306071,3.023668639,0.537604255,2.791666667,1.521353115,0.207857291,-0.053252364,1.594626179,1.612715029,0.221611273,1.957446809
1,40.0,Invalid,0.541666667,0.291666667,1.334287069,1.8,0.700461799,1.666666667,0.613176656,0.221944414,0.145083319,0.653155738,0.722930429,0.181120165,1.444444444
1,40.0,Valid,0.388888889,0.342592593,3.171392429,1.796460177,0.819327243,1.74537037,0.131663068,0.343806935,0.328449309,0.123181575,0.171305496,0.117289634,1.689320388
3,10.0,Invalid,0.958333333,0.125,0.810908176,2.977272727,0.946282816,2.875,2.502198665,-0.290657508,-0.275718844,2.882013776,2.146619711,-0.50056005,1.75
3,10.0,Valid,0.814814815,0.037037037,0.231501724,2.802083333,0.996521075,2.787037037,1.953688716,0.445187871,0.282866031,2.68193538,0.606419545,-2.013083823,2.666666667
3,20.0,Invalid,0.989583333,0.333333333,1.051756415,2.825,0.70852131,2.625,2.755805768,-0.940132019,-1.055066187,2.741718638,2.847217222,0.140110158,1.625
3,20.0,Valid,0.990740741,0.157407407,0.949073875,2.792929293,0.714765474,2.703703704,3.255464517,-0.674956814,-0.84166776,3.36025439,3.181048375,-0.170691103,1.722222222
3,30.0,Invalid,0.958333333,0.291666667,0.927379876,2.45,0.759186727,2.375,2.130457805,-0.591571057,-0.635173029,2.280186679,2.039963797,-0.159742979,2.0
3,30.0,Valid,0.990740741,0.259259259,1.09142787,2.540106952,0.764691476,2.407407407,3.127786389,-0.85472663,-1.019925492,3.000714759,3.301330631,0.276549314,1.551724138
3,40.0,Invalid,0.458333333,0.291666667,1.519646525,1.5,0.860206651,1.395833333,0.451034416,0.326577869,0.290990972,0.443888827,0.571312347,0.195361534,1.25
3,40.0,Valid,0.324074074,0.194444444,1.847259893,1.483606557,0.778042829,1.393518519,0.396549722,0.658985221,0.611445304,0.405297797,0.434323426,0.199205765,1.276595745
4,10.0,Invalid,0.791666667,0.041666667,0.513316835,3.238095238,0.384130281,3.208333333,1.603534311,0.459723297,-0.079299649,2.543882198,0.928010767,-0.87986052,3.0
4,10.0,Valid,0.907407407,0.046296296,1.047409869,3.63681592,0.956721032,3.518518519,2.975738476,0.178459916,0.143646238,3.006835209,3.07413157,0.139147224,1.933333333
4,20.0,Invalid,0.625,0.166666667,0.937423867,3.028571429,0.771646053,2.854166667,1.130859776,0.324391101,0.209830242,1.28606093,1.061973713,-0.070890246,2.384615385
4,20.0,Valid,0.731481481,0.166666667,0.437842107,3.201183432,0.599947444,3.12962963,1.21018488,0.175060912,0.006318524,1.584721308,0.628659105,-0.807153246,2.872340426
4,30.0,Invalid,0.416666667,0.041666667,0.731885068,2.818181818,0.818325569,2.625,1.019039832,0.971046395,0.747102975,1.521236002,0.857427663,-0.314105547,2.2
4,30.0,Valid,0.407407407,0.074074074,0.924451751,3.034722222,0.87741997,2.851851852,1.034654179,0.840161393,0.77720503,1.211884399,0.995330848,-0.081340647,2.486111111
4,40.0,Invalid,0.291666667,0.166666667,-0.49178216,2.0,0.721911151,2.083333333,-0.005274653,0.757971924,0.681852046,0.418899283,-0.076922381,-0.233337938,2.19047619
4,40.0,Valid,0.12962963,0.092592593,0.618350609,2.571428571,1.165093849,2.481481481,0.281471398,1.226550667,1.203578543,0.196814044,0.231025832,-0.142590412,2.384615385
5,10.0,Invalid,0.989583333,0.010416667,0.486691408,3.4,1.444552488,3.4,3.450608244,-6.66e-16,0.329625649,4.621982677,1.849409393,-1.950553709,
5,10.0,Valid,0.974683544,0.023809524,0.933522566,3.264150943,1.143224389,3.220858896,3.689993796,0.013087246,0.114872386,3.935330301,3.496673933,-0.249002989,1.5
5,20.0,Invalid,0.888888889,0.2,1.243909698,2.53125,1.106719331,2.368421053,2.030926221,-0.189509558,-0.104012069,2.062261582,2.352967918,0.461377296,1.5
5,20.0,Valid,0.987804878,0.128205128,0.854563329,2.677852349,1.338206446,2.60625,2.91523245,-0.558004539,-0.268800479,3.385842314,2.593028935,-0.441303159,1.636363636
5,30.0,Invalid,0.875,0.166666667,-0.319202399,1.827586207,1.217367288,1.852941176,1.208114268,-0.091463907,-0.01388582,2.117770946,-0.61435799,-2.539023942,2.0
5,30.0,Valid,0.827160494,0.135802469,0.541407899,2.328467153,0.860920582,2.25308642,1.754046492,0.078185185,0.000644166,2.042377761,1.077322006,-0.912530762,1.84
5,40.0,Invalid,0.157894737,0.176470588,4.695680733,2.117647059,1.275256534,1.916666667,0.374644662,0.96602373,0.914027933,-0.074248476,0.672909403,0.529605494,1.736842105
5,40.0,Valid,0.17721519,0.181818182,2.60562414,2.116883117,1.155311442,2.012820513,0.193076767,0.917243944,0.904442385,-0.017572151,0.292325298,0.180135173,1.911392405
6,10.0,Invalid,0.541666667,0.208333333,1.274362256,3.28125,0.628178614,3.104166667,0.813270684,0.353792173,0.207322656,0.916851257,0.893542733,0.192374185,2.75
6,10.0,Valid,0.685185185,0.111111111,1.306406601,3.223529412,0.694428514,3.023148148,1.739191552,0.369196067,0.192113035,1.702888564,1.991268959,0.467035265,2.282608696
6,20.0,Invalid,0.625,0.291666667,2.204909218,3.1875,0.713260398,3.0,1.067590325,0.114941459,0.00265668,0.867161647,1.725033129,0.942672969,2.625
6,20.0,Valid,0.407407407,0.12962963,1.52727382,3.02173913,0.690918525,2.856481481,0.844433962,0.68118142,0.579025428,0.893924451,0.953189594,0.329077807,2.564102564
6,30.0,Invalid,0.375,0.166666667,0.815841564,2.862068966,0.842116947,2.8125,0.505059066,0.643030465,0.567184866,0.648782202,0.410697269,-0.09270595,2.736842105
6,30.0,Valid,0.472222222,0.074074074,0.927734707,3.059602649,0.62378408,2.962962963,1.023727357,0.757894257,0.5431032,1.376418673,0.908330457,-0.070753811,2.738461538
6,40.0,Invalid,0.041666667,0.125,1.267994469,2.818181818,1.35795841,2.75,-0.002802453,1.441006888,1.280737692,-0.581315016,-0.093300796,-0.019719406,2.692307692
6,40.0,Valid,0.046296296,0.074074074,0.952562312,2.761904762,1.061513961,2.777777778,-0.130411332,1.563990557,1.524605971,-0.235773927,-0.124119256,0.00618115,2.792792793
7,10.0,Invalid,0.989583333,0.083333333,0.967188225,3.456521739,0.242266241,3.354166667,3.329827328,-0.463998606,-1.232447473,3.693985465,3.142895243,-0.106622443,1.0
7,10.0,Valid,0.997685185,0.002314815,0.66409804,3.791666667,0.34231251,3.791666667,4.580112572,-3.11e-15,-1.116237095,5.663468668,3.10762768,-1.571843563,
7,20.0,Invalid,0.989583333,0.083333333,0.866688435,3.195652174,0.235732657,3.145833333,3.244821009,-0.463998606,-1.208013457,3.693985465,2.810493549,-0.432302174,2.0
7,20.0,Valid,0.997685185,0.083333333,1.037826066,3.391304348,0.31478945,3.310185185,4.246362929,-0.724370104,-1.546704396,4.214728461,4.246319248,0.154767313,1.444444444
7,30.0,Invalid,0.989583333,0.083333333,0.886960434,3.108695652,0.397333693,3.020833333,3.302642509,-0.463998606,-0.994748235,3.693985465,2.987646044,-0.380763559,1.0
7,30.0,Valid,0.997685185,0.101851852,1.065779079,3.16097561,0.321490615,3.069444444,4.144357833,-0.780332106,-1.532493407,4.102804456,4.315643811,0.266358272,1.363636364
7,40.0,Invalid,0.916666667,0.166666667,0.691019512,2.452380952,0.956177405,2.354166667,2.012204931,-0.20778628,-0.200572721,2.350415693,1.523398745,-0.681168157,1.666666667
7,40.0,Valid,0.972222222,0.222222222,0.708049611,2.513227513,1.000577469,2.449074074,2.301655222,-0.574898076,-0.476270673,2.679215499,1.845539914,-0.760972235,2.0
8,10.0,Invalid,0.75,0.010416667,0.398584006,2.761904762,0.718894945,2.75,1.839875727,0.818250794,0.32654675,2.985481088,0.97019509,-1.463909326,2.666666667
8,10.0,Valid,0.722222222,0.002314815,0.752178854,2.844086022,0.362405245,2.833333333,1.873090949,1.121139268,0.247527948,3.421190132,1.527770446,-0.50335611,2.766666667
8,20.0,Invalid,0.989583333,0.041666667,0.251672777,2.234042553,0.921649253,2.208333333,3.19892259,-0.289663471,-0.308833632,4.042655734,0.912528867,-2.713325612,1.0
8,20.0,Valid,0.907407407,0.002314815,0.671535952,2.451456311,0.414816966,2.439814815,2.978930313,0.753388323,-0.131548602,4.156692023,2.090889936,-1.022703506,2.2
8,30.0,Invalid,0.625,0.125,-0.292399084,1.972222222,0.703796985,2.020833333,0.785580889,0.415855008,0.273467139,1.468988744,-0.360413235,-1.593020497,2.166666667
8,30.0,Valid,0.509259259,0.027777778,0.454429655,2.25,0.780501838,2.24537037,1.209201316,0.94564711,0.707446014,1.93771743,0.743425044,-0.892526826,2.232142857
8,40.0,Invalid,0.041666667,0.083333333,-3.074794593,1.869565217,1.092197982,1.791666667,0.196050454,1.557329262,1.408857469,-0.348670269,0.455341676,0.603430162,1.72
8,40.0,Valid,0.055555556,0.027777778,0.492427764,2.099099099,0.953803946,2.111111111,0.119322771,1.753862322,1.695568002,0.321287007,0.104461617,-0.107674303,2.123809524
9,10.0,Invalid,0.25,0.010416667,0.614807827,3.133333333,0.661922134,3.166666667,0.539169019,1.492740544,1.127433791,1.636501588,0.519174148,-0.32527533,3.222222222
9,10.0,Valid,0.175925926,0.002314815,1.265526224,3.322834646,0.560162671,3.24537037,0.885140143,1.881368822,1.592913754,1.900731024,0.843065318,0.176887643,3.134831461
9,20.0,Invalid,0.333333333,0.125,0.852679228,2.75862069,0.856309983,2.666666667,0.569361955,0.79053834,0.690715884,0.719622081,0.469534865,-0.081123401,2.526315789
9,20.0,Valid,0.462962963,0.046296296,0.995471804,2.986928105,0.650417092,2.921296296,1.162750723,0.887424684,0.703726652,1.588905672,1.150454173,-0.005233179,2.761904762
9,30.0,Invalid,0.166666667,0.125,2.942807941,2.68,1.026160936,2.520833333,0.346308448,1.058885473,1.01805109,0.182927814,0.561210523,0.37050473,2.347826087
9,30.0,Valid,0.12037037,0.037037037,0.743931764,2.871794872,0.872547967,2.865740741,0.271463388,1.479646443,1.414970697,0.613018236,0.284416858,-0.097898929,2.858585859
9,40.0,Invalid,0.041666667,0.083333333,0.434111837,2.043478261,1.031216345,2.041666667,-0.123169046,1.557329262,1.409457053,-0.348670269,-0.099674429,0.129930987,2.04
9,40.0,Valid,0.148148148,0.055555556,0.721858473,2.389830508,0.886647226,2.384259259,0.280263159,1.318813806,1.266351138,0.548810023,0.267901445,-0.103225936,2.37755102
10,10.0,Invalid,0.75,0.291666667,0.919119041,3.0,0.442551821,2.833333333,1.148833502,-0.062983734,-0.272466856,1.223012033,1.040553447,-0.091566986,2.384615385
10,10.0,Valid,0.787037037,0.203703704,0.97220578,3.099415205,0.468773095,2.962962963,1.543259628,0.016141038,-0.270914721,1.62464722,1.457827716,-0.04167758,2.444444444
10,20.0,Invalid,0.791666667,0.333333333,0.650175884,2.942857143,0.725213414,2.875,1.110277399,-0.190745251,-0.262016545,1.242945101,0.797436131,-0.429056808,2.692307692
10,20.0,Valid,0.805555556,0.240740741,0.624882702,2.958579882,0.549497689,2.875,1.390311779,-0.078856166,-0.265005035,1.565555909,0.955808355,-0.57377208,2.574468085
10,30.0,Invalid,0.833333333,0.083333333,0.477456832,2.761904762,0.511766795,2.6875,1.680924716,0.20778628,-0.100154983,2.350415693,0.944436814,-1.033620155,2.166666667
10,30.0,Valid,0.703703704,0.324074074,1.15339893,2.758389262,0.589782157,2.560185185,1.032659726,-0.039373246,-0.171962092,0.991419138,1.118627675,0.148774447,2.119402985
10,40.0,Invalid,0.375,0.333333333,2.61285111,2.04,0.640488006,1.958333333,0.145647459,0.374683332,0.305170768,0.112087935,-0.128519235,-0.07933188,1.869565217
10,40.0,Valid,0.231481481,0.268518519,1.096070233,1.663461538,1.020396449,1.694444444,-0.107135469,0.675638201,0.667799392,-0.116676918,-0.111299676,-0.009755384,1.723214286
12,10.0,Invalid,0.833333333,0.75,-0.354988807,2.346153846,0.990427308,2.375,0.068485811,-0.820955658,-0.771673864,0.292931816,-0.099223936,-0.378736794,2.409090909
12,10.0,Valid,0.907407407,0.324074074,0.237580809,2.456140351,1.154952375,2.435185185,1.289596331,-0.434310683,-0.331465644,1.781294012,0.401287084,-1.287768044,2.355555556
12,20.0,Invalid,0.875,0.583333333,1.04484905,2.516129032,1.169587372,2.395833333,0.800427574,-0.680388887,-0.603762223,0.939920986,0.810629677,0.034795429,2.176470588
12,20.0,Valid,0.925925926,0.351851852,0.642774747,2.447058824,1.614722344,2.407407407,1.347759324,-0.532888976,-0.293238548,1.826429235,0.97013597,-0.539157875,2.260869565
12,30.0,Invalid,0.791666667,0.5,0.949126112,2.451612903,0.94874275,2.375,0.776560179,-0.406108901,-0.397186582,0.812217801,0.751926183,-0.040303821,2.235294118
12,30.0,Valid,0.861111111,0.407407407,0.189167822,2.439490446,1.146582822,2.425925926,0.927115825,-0.425552857,-0.358637076,1.319544102,0.235014995,-1.007347435,2.389830508
12,40.0,Invalid,0.708333333,0.5,-0.624447845,2.379310345,1.069800557,2.416666667,0.256089813,-0.274261141,-0.252600396,0.548522283,-0.316237932,-0.822666027,2.473684211
12,40.0,Valid,0.601851852,0.490740741,0.478404556,2.4,0.924918553,2.37037037,0.24661087,-0.11746586,-0.120117172,0.28135493,0.137579492,-0.150000319,2.333333333
13,10.0,Invalid,0.916666667,0.010416667,1.295941943,3.717391304,0.915036159,3.604166667,3.635311985,0.463998606,0.449082126,3.693985465,4.273752835,0.975956312,1.0
13,10.0,Valid,0.997685185,0.018518519,0.519503649,3.813084112,1.258117773,3.814814815,4.135435579,-0.373189384,0.055984075,4.9170899,2.33939558,-2.163740413,4.0
13,20.0,Invalid,0.958333333,0.041666667,1.514633712,3.782608696,0.698268516,3.6875,3.41211971,-2.22e-16,-0.285350725,3.463328792,4.637203164,1.575602774,1.5
13,20.0,Valid,0.981481481,0.018518519,1.448235717,3.688679245,0.644081296,3.638888889,4.247786582,-4.44e-16,-0.437417243,4.170711132,5.652089326,1.749348038,1.0
13,30.0,Invalid,0.989583333,0.083333333,1.036042072,3.673913043,0.455439204,3.604166667,3.385982416,-0.463998606,-0.9365267,3.693985465,3.516748037,0.122341447,2.0
13,30.0,Valid,0.972222222,0.027777778,0.855616401,3.647619048,0.643031888,3.611111111,3.517470541,0.0,-0.372065753,3.82901165,3.094693082,-0.522223422,2.333333333
13,40.0,Invalid,0.666666667,0.083333333,0.716254138,3.263157895,0.672684771,3.145833333,1.378704352,0.476133414,0.241805159,1.813721426,1.071218255,-0.424365782,2.7
13,40.0,Valid,0.601851852,0.009259259,0.756444206,3.436046512,0.576297846,3.305555556,1.685054563,1.048470343,0.543914275,2.613227334,1.414310784,-0.455372098,2.795454545
16,10.0,Invalid,0.25,0.083333333,0.135444959,3.0,0.915132606,3.0,0.492005175,1.028741939,0.942184963,0.708504377,0.074814917,-0.477549066,3.0
16,10.0,Valid,0.101851852,0.064814815,2.066417435,3.0,0.991120436,2.99537037,0.244013882,1.393317073,1.369637853,0.244493903,0.458198667,0.236462894,2.990384615
16,20.0,Invalid,0.708333333,0.041666667,-0.012075313,3.0,0.868841872,3.0,1.831404052,0.591571057,0.414445934,2.280186679,-0.024174013,-2.026110834,3.0
16,20.0,Valid,0.740740741,0.092592593,0.316913783,2.994382022,1.018357239,2.986111111,1.912210093,0.33966347,0.340345644,1.970588438,0.617200119,-1.330333094,2.947368421
16,30.0,Invalid,0.833333333,0.208333333,-0.093153773,3.0,1.01943179,3.0,1.568648819,-0.077601882,-0.061581695,1.779639368,-0.157066818,-1.843169405,3.0
16,30.0,Valid,0.731481481,0.12037037,0.466239466,3.0,0.994992816,2.990740741,1.744710903,0.277918792,0.270828219,1.790437067,0.823116172,-0.942320331,2.952380952
16,40.0,Invalid,0.083333333,0.083333333,1.0,3.0,1.0000017,3.0,1.57e-06,1.382994127,1.281550251,0.0,2.18e-06,0.0,3.0
16,40.0,Valid,0.12962963,0.083333333,2.09525372,3.0,0.99380564,2.99537037,0.255906798,1.255568886,1.236847002,0.254850482,0.499944449,0.261336378,2.990291262
17,10.0,Invalid,0.9375,0.375,1.418713055,3.6,1.061232133,3.40625,1.898386423,-0.60774059,-0.549914786,1.852759908,2.296941655,0.677909782,2.714285714
17,10.0,Valid,0.916666667,0.236111111,1.189765896,3.495867769,0.43640898,3.305555556,2.311589223,-0.332063037,-0.729930894,2.10186218,2.552692193,0.407150619,2.304347826
17,20.0,Invalid,0.8125,0.5,1.46018706,3.238095238,0.31744673,2.90625,1.334784919,-0.44357328,-0.64378761,0.887146559,1.615503428,0.509135982,2.272727273
17,20.0,Valid,0.638888889,0.263888889,1.131211494,3.101010101,0.444044769,2.944444444,0.90742215,0.137955738,-0.07978627,0.986892312,0.915872509,0.106233893,2.6
17,30.0,Invalid,0.625,0.25,1.626852891,2.818181818,0.467560252,2.59375,1.016086312,0.177925193,-0.068809053,0.993129114,1.236650295,0.476501482,2.1
17,30.0,Valid,0.541666667,0.208333333,1.393115522,2.864583333,0.719203878,2.701388889,0.941978816,0.353792173,0.249259251,0.916851257,1.083446969,0.305731875,2.375
17,40.0,Invalid,0.25,0.375,-1.684524117,2.571428571,0.795708087,2.40625,-0.124022731,0.496564557,0.453757243,-0.355850386,0.728401011,1.160808599,2.277777778
17,40.0,Valid,0.319444444,0.402777778,-0.4376647,2.409090909,0.996993658,2.375,-0.11423081,0.357708265,0.351261054,-0.223089237,0.096583753,0.317263542,2.346153846
18,10.0,Invalid,0.75,0.208333333,0.463514485,2.513513514,0.783899,2.458333333,1.194243464,0.068864026,-0.017557212,1.486707552,0.644178459,-0.745591396,2.272727273
18,10.0,Valid,0.740740741,0.009259259,0.550575251,2.721925134,0.513729169,2.662037037,1.862863008,0.85472663,0.235893376,3.000714759,1.226632238,-1.001278,2.275862069
18,20.0,Invalid,0.916666667,0.083333333,0.100158866,2.204545455,0.990665329,2.1875,2.01946709,1.11e-16,0.00927524,2.765988254,0.25671468,-2.306360272,2.0
18,20.0,Valid,0.824074074,0.018518519,0.494074965,2.266666667,0.533188965,2.226851852,2.201172501,0.577176128,0.016438587,3.016358876,1.223331217,-1.252672031,1.857142857
18,30.0,Invalid,0.583333333,0.166666667,-0.263578269,2.0,1.086547091,2.0,0.828484107,0.378496586,0.347992574,1.17784996,-0.302025663,-1.447892752,2.0
18,30.0,Valid,0.185185185,0.018518519,0.468538599,1.96031746,0.750589176,1.921296296,0.385584963,1.490567692,1.271914195,1.189575747,0.325165459,-0.368833839,1.866666667
18,40.0,Invalid,0.125,0.25,1.253044261,1.476190476,1.118293048,1.583333333,-0.401607432,0.912419565,0.850328607,-0.47585963,-0.426271015,-0.086082701,1.666666667
18,40.0,Valid,0.046296296,0.046296296,3.244308714,1.62962963,1.009832183,1.578703704,0.174481337,1.68187752,1.644764039,0.0,0.05207062,0.036020785,1.527777778
19,10.0,Invalid,0.416666667,0.010416667,0.456280815,3.147058824,0.438828553,3.208333333,0.590799268,1.260709866,0.645478002,2.100562944,0.413237636,-0.492427522,3.357142857
19,10.0,Valid,0.907407407,0.018518519,1.121020094,3.676470588,0.730658091,3.578703704,3.342187394,0.380198939,0.112019823,3.410313255,3.535004937,0.381622624,1.916666667
19,20.0,Invalid,0.375,0.010416667,0.602713039,3.121212121,0.460473279,3.125,0.60298256,1.314815351,0.75341671,1.992351974,0.495671802,-0.326729192,3.133333333
19,20.0,Valid,0.916666667,0.055555556,0.825465575,3.651741294,0.663372116,3.574074074,2.714587833,0.105112345,-0.164586011,2.976212945,2.326858652,-0.49198531,2.533333333
19,30.0,Invalid,0.333333333,0.041666667,1.398273928,3.387096774,0.659999746,3.166666667,0.983133906,1.081195848,0.888602627,1.300937097,1.012832296,0.288487605,2.764705882
19,30.0,Valid,0.87962963,0.037037037,1.023336679,3.542713568,0.374584373,3.453703704,2.522003112,0.306509118,-0.315939574,2.959292886,2.447872178,0.055822495,2.411764706
19,40.0,Invalid,0.083333333,0.041666667,-0.464939524,2.72,0.97419136,2.791666667,-0.006811084,1.557329262,1.404731752,0.348670269,-0.109782693,-0.345905215,2.869565217
19,40.0,Valid,0.083333333,0.037037037,1.551839049,2.672566372,0.827346328,2.643518519,0.135871344,1.584574844,1.534632336,0.403161434,0.13150632,0.046764078,2.611650485
20,10.0,Invalid,0.958333333,0.083333333,1.020344158,2.822222222,0.65070016,2.729166667,2.850652829,-0.174335135,-0.428302232,3.114658523,2.889045836,0.057603314,1.333333333
20,10.0,Valid,0.935185185,0.027777778,0.234945172,2.941747573,0.703815535,2.912037037,2.718319922,0.1994709,-0.105359221,3.430069849,0.757329226,-2.466100386,2.3
20,20.0,Invalid,0.958333333,0.208333333,0.874805949,2.714285714,0.679856339,2.604166667,2.361912803,-0.459723297,-0.607576521,2.543882198,2.127818715,-0.304513527,1.833333333
20,20.0,Valid,0.962962963,0.12037037,0.533744104,2.879396985,1.07275118,2.851851852,2.560933976,-0.306509118,-0.219101779,2.959292886,1.531730532,-1.338053925,2.529411765
20,30.0,Invalid,0.791666667,0.166666667,0.856148194,2.384615385,0.475713719,2.25,1.553992524,0.077601882,-0.23417592,1.779639368,1.320396057,-0.221855701,1.666666667
20,30.0,Valid,0.907407407,0.231481481,0.883617436,2.745856354,0.588840768,2.62962963,2.049680046,-0.295490514,-0.51507858,2.058934349,1.863091851,-0.245390592,2.028571429
20,40.0,Invalid,0.291666667,0.083333333,0.248012628,1.965517241,0.829847668,1.979166667,0.336363791,0.965758205,0.848389511,0.834471844,0.145506461,-0.441183264,2.0
20,40.0,Valid,0.555555556,0.268518519,1.085083168,2.366906475,0.739373178,2.25,0.708219072,0.238794722,0.168500349,0.757010041,0.728100967,0.057091602,2.038961039
22,10.0,Invalid,0.916666667,0.041666667,0.805480942,3.733333333,2.706351805,3.625,2.669292769,0.174335135,0.717692607,3.114658523,2.167272814,-0.523384034,2.0
22,10.0,Valid,0.962962963,0.018518519,1.026770755,3.79047619,0.676146293,3.74537037,3.694713056,0.149600002,-0.218758931,3.871511127,3.71211431,0.096785091,2.166666667
22,20.0,Invalid,0.833333333,0.041666667,0.686650085,3.581395349,0.766485725,3.5625,2.19888103,0.382121415,0.121209149,2.699085962,1.623954794,-0.741085025,3.4
22,20.0,Valid,0.981481481,0.009259259,0.10840143,3.572769953,1.263061096,3.574074074,3.513814334,0.134864222,0.21973203,4.440439576,0.454901287,-3.741549714,3.666666667
22,30.0,Invalid,0.916666667,0.010416667,0.251994826,3.195652174,0.718012665,3.208333333,2.550950421,0.463998606,0.006812489,3.693985465,0.797863314,-2.368325956,3.5
22,30.0,Valid,0.953703704,0.018518519,0.934560184,3.306220096,0.693388637,3.259259259,3.528161281,0.201739023,-0.156980586,3.767233086,3.285306336,-0.230043872,1.857142857
22,40.0,Invalid,0.5,0.083333333,0.333075745,2.676470588,0.615807004,2.75,0.678755564,0.691497064,0.462695936,1.382994127,0.316535348,-0.633805086,2.928571429
22,40.0,Valid,0.518518519,0.074074074,0.436809454,2.679487179,0.715991321,2.694444444,0.917264187,0.699833934,0.530244732,1.492539318,0.533333826,-0.687642096,2.733333333
23,10.0,Invalid,0.166666667,0.041666667,0.045687969,2.740740741,1.080689219,2.75,0.357034265,1.349542981,1.189710917,0.76424283,0.033564592,-0.701083792,2.761904762
23,10.0,Valid,0.351851852,0.037037037,0.579444928,2.894366197,0.871084281,2.87962963,0.893940366,1.083240602,0.950955279,1.405829919,0.701636528,-0.509240458,2.851351351
23,20.0,Invalid,0.833333333,0.333333333,0.50091581,3.138888889,1.066388246,3.0625,1.133150074,-0.268347133,-0.237388549,1.398148865,0.656697985,-0.654296741,2.833333333
23,20.0,Valid,0.87037037,0.111111111,0.279718031,3.178947368,1.139524225,3.138888889,1.905564532,0.046248352,0.106310452,2.348783994,0.647588641,-1.667559365,2.846153846
23,30.0,Invalid,0.583333333,0.041666667,0.597792835,3.027027027,0.670419975,2.958333333,1.230956948,0.760618001,0.433835956,1.94209279,0.873711322,-0.587850728,2.727272727
23,30.0,Valid,0.731481481,0.092592593,0.293184372,3.141242938,0.576402365,3.111111111,1.318168965,0.353828973,0.105996996,1.942257431,0.489183018,-1.179333676,2.974358974
23,40.0,Invalid,0.208333333,0.125,3.625866244,2.884615385,0.64823701,2.875,-0.05449168,0.981283591,0.887731796,0.338131579,-0.309328693,-0.224017026,2.863636364
23,40.0,Valid,0.157407407,0.194444444,-0.316811178,2.884615385,1.1695038,2.847222222,0.066136441,0.93340225,0.916262645,-0.143536261,-0.00105594,-0.004388967,2.8125
24,10.0,Invalid,0.916666667,0.041666667,1.48473975,3.511111111,0.679815648,3.395833333,3.080121007,0.174335135,-0.114022942,3.114658523,4.060774611,1.325766936,1.666666667
24,10.0,Valid,0.953703704,0.002314815,1.061317517,3.611374408,0.825090355,3.564814815,4.287167516,0.574928407,0.35237072,4.513611854,4.387995876,0.253516039,1.6
24,20.0,Invalid,0.958333333,0.125,1.085378198,3.318181818,0.888840931,3.229166667,2.701063674,-0.290657508,-0.289102177,2.882013776,2.885385905,0.226970701,2.25
24,20.0,Valid,0.972222222,0.074074074,1.023777937,3.414634146,1.150042617,3.356481481,3.270834082,-0.234201116,-0.10180562,3.360609418,3.308267033,0.076836745,2.272727273
24,30.0,Invalid,0.916666667,0.208333333,0.922163477,3.292682927,0.454057883,3.208333333,2.10161336,-0.285388163,-0.601963666,2.195211929,1.938138603,-0.163591352,2.714285714
24,30.0,Valid,0.990740741,0.157407407,0.955837161,3.343434343,1.498543251,3.273148148,2.923778668,-0.674956814,-0.327151638,3.36025439,2.769352455,-0.127953245,2.5
24,40.0,Invalid,0.583333333,0.25,1.41408407,2.875,1.001529141,2.666666667,0.950130828,0.232030678,0.231774657,0.884918144,1.195715412,0.350139511,2.25
24,40.0,Valid,0.666666667,0.064814815,0.671383262,2.953757225,0.665175474,2.87037037,1.463961559,0.542418363,0.327548347,1.946291324,1.117954836,-0.547196649,2.534883721
26,10.0,Invalid,0.989583333,0.083333333,0.633052279,2.608695652,0.887437997,2.5625,3.064808399,-0.463998606,-0.432739343,3.693985465,2.136776334,-1.238578917,1.5
26,10.0,Valid,0.953703704,0.018518519,0.7150147,2.626794258,0.255984205,2.611111111,2.944867114,0.201739023,-0.784403273,3.767233086,2.10761652,-0.84003829,2.142857143
26,20.0,Invalid,0.916666667,0.083333333,0.736463762,2.25,0.986929063,2.1875,2.446097497,1.11e-16,0.008753587,2.765988254,1.887591732,-0.675455941,1.5
26,20.0,Valid,0.953703704,0.055555556,0.621850032,2.27804878,0.509988865,2.25462963,2.942705504,-0.044329351,-0.480248458,3.275096338,1.907584438,-1.160011188,1.818181818
26,30.0,Invalid,0.916666667,0.010416667,0.484378881,2.086956522,0.956136578,2.041666667,2.888885784,0.463998606,0.298439755,3.693985465,1.606758017,-1.710393246,1.0
26,30.0,Valid,0.972222222,0.074074074,0.5823848,2.156097561,0.603027436,2.125,3.04221754,-0.234201116,-0.532732792,3.360609418,1.908694893,-1.3686827,1.545454545
26,40.0,Invalid,0.291666667,0.166666667,0.633808052,1.407407407,1.072330944,1.354166667,0.370444483,0.757971924,0.722782313,0.418899283,0.27947669,-0.161471779,1.285714286
26,40.0,Valid,0.361111111,0.138888889,0.687023486,1.462121212,0.80359642,1.444444444,0.472064643,0.720407663,0.666782242,0.72983449,0.384847257,-0.175318828,1.416666667
29,10.0,Invalid,0.25,0.375,-0.297868673,2.0,1.023584155,2.0,-0.27855564,0.496564557,0.471611377,-0.355850386,0.097338774,0.424122966,2.0
29,10.0,Valid,0.490740741,0.324074074,-0.267153079,2.0,0.987413089,2.0,0.404901193,0.239773964,0.235812277,0.433124718,-0.113763591,-0.539600309,2.0
29,20.0,Invalid,0.458333333,0.375,-0.308946444,2.0,0.993796727,2.0,0.174559747,0.21163641,0.202515677,0.214005908,-0.062958084,-0.266741249,2.0
29,20.0,Valid,0.444444444,0.388888889,-2.444674579,1.99122807,1.020286385,1.99537037,0.127939672,0.210963223,0.209602957,0.142505848,-0.355278683,-0.500606281,2.0
29,30.0,Invalid,0.291666667,0.416666667,0.932071377,2.0,0.892345345,2.020833333,-0.359245829,0.379475338,0.371568687,-0.338093888,-0.33856397,0.024674274,2.037037037
29,30.0,Valid,0.472222222,0.37962963,-0.266904622,2.0,0.994773777,2.0,0.221721877,0.188069289,0.18592578,0.236768737,-0.062330816,-0.295862988,2.0
29,40.0,Invalid,0.333333333,0.416666667,-0.305855105,2.0,1.009625983,2.0,-0.177555306,0.320577847,0.306474257,-0.220298905,0.063503025,0.271127564,2.0
29,40.0,Valid,0.37037037,0.37037037,-0.513966035,2.0,1.022950166,1.99537037,0.019744932,0.330872572,0.327785344,0.0,-0.003821618,-0.011257164,1.990740741
31,10.0,Invalid,0.95,0.1,0.245278203,3.675675676,0.679878985,3.675,2.201889001,-0.181651031,-0.292168571,2.926405192,0.650398851,-2.001279293,3.666666667
31,10.0,Valid,0.822222222,0.111111111,0.489128313,3.688311688,0.884713324,3.627777778,1.839273036,0.148386664,0.068062721,2.14450737,1.020914049,-1.066297062,3.269230769
31,20.0,Invalid,0.85,0.15,0.907009828,3.558823529,1.144662903,3.475,1.877933429,0.0,0.041149643,2.072866779,1.750943,-0.179513481,3.0
31,20.0,Valid,0.777777778,0.177777778,0.974157609,3.736111111,0.911866172,3.661111111,1.648529424,0.079578673,0.034623637,1.688576695,1.613114825,-0.042792607,3.361111111
31,30.0,Invalid,0.4,0.15,-0.896794666,3.56,0.502082093,3.625,0.086085381,0.644890246,0.496869049,0.783086286,-0.27733047,-0.586576812,3.733333333
31,30.0,Valid,0.311111111,0.1,1.224272403,3.678899083,0.567889637,3.633333333,0.303806528,0.887127449,0.747712956,0.788848232,0.341671285,0.062590188,3.563380282
31,40.0,Invalid,0.2,0.25,-0.357663915,3.526315789,1.68617333,3.4,0.31128929,0.758055492,0.684566012,-0.167131483,-0.073087919,-0.277435956,3.285714286
31,40.0,Valid,0.222222222,0.2,-2.298498443,3.467391304,1.122020346,3.511111111,0.063881177,0.803165454,0.789166102,0.07691156,-0.382092594,-0.548328335,3.556818182
32,10.0,Invalid,0.85,0.1,-0.150001007,2.057142857,0.689453312,2.075,1.489483166,0.122559088,-0.050808865,2.317984955,-0.311014236,-2.384428558,2.2
32,10.0,Valid,0.566666667,0.011111111,0.51549769,2.55,0.588377754,2.516666667,1.287867362,1.059326973,0.562329943,2.454441956,0.892694593,-0.839019457,2.4
32,20.0,Invalid,0.85,0.25,0.655098646,1.84375,0.946021089,1.775,1.468057688,-0.18097182,-0.169075036,1.71092314,1.056960388,-0.556476602,1.5
32,20.0,Valid,0.766666667,0.111111111,0.31891864,2.080536913,0.363836706,2.072222222,1.382694061,0.246363529,-0.16253973,1.94855364,0.489272594,-1.044888577,2.032258065
32,30.0,Invalid,0.1,0.1,2.651116431,1.3,1.06168611,1.225,0.166136786,1.281551566,1.18137391,0.0,0.187078296,0.116512442,1.15
32,30.0,Valid,0.111111111,0.011111111,0.420221221,1.747474747,0.87197281,1.722222222,0.327263962,1.75359415,1.545074714,1.065907602,0.29611128,-0.408544422,1.691358025
32,40.0,Invalid,0.2,0.010416667,0.81189951,1.291666667,0.978661978,1.175,1.037362865,1.576306286,1.352286852,1.469370105,0.941112295,-0.218036446,1.0
32,40.0,Valid,0.1,0.055555556,0.469572242,1.361702128,0.879952535,1.377777778,0.044328636,1.437385192,1.390540856,0.311667252,0.053839058,-0.060816479,1.395348837
33,10.0,Invalid,0.958333333,0.083333333,-0.027604035,3.222222222,0.694567607,3.229166667,2.161442131,-0.174335135,-0.258865277,3.114658523,-0.078390248,-2.918201431,3.333333333
33,10.0,Valid,0.972222222,0.055555556,1.052103477,3.400966184,1.791253982,3.333333333,3.310643835,-0.160643504,0.319468157,3.507724643,3.366146034,0.166702151,1.777777778
33,20.0,Invalid,0.958333333,0.291666667,0.696662191,2.8,0.759050295,2.729166667,1.966423356,-0.591571057,-0.585555548,2.280186679,1.532497089,-0.667273631,2.375
33,20.0,Valid,0.87037037,0.240740741,0.727891879,2.681818182,0.615156,2.587962963,1.750116234,-0.212110928,-0.400420303,1.832065434,1.350707793,-0.504935652,2.175
33,30.0,Invalid,0.5,0.166666667,0.878037325,2.21875,0.710005124,2.104166667,0.774553431,0.483710783,0.339894501,0.967421566,0.658028035,-0.09140256,1.875
33,30.0,Valid,0.555555556,0.12037037,0.776104518,2.15483871,0.56803829,2.060185185,0.924510673,0.516713513,0.309054756,1.312847624,0.758747842,-0.218888319,1.819672131
33,40.0,Invalid,0.125,0.208333333,0.854089638,1.409090909,0.915118632,1.458333333,-0.339156186,0.981283591,0.932699387,-0.338131579,-0.33296681,0.056883149,1.5
33,40.0,Valid,0.083333333,0.111111111,-11.72500441,1.580952381,1.070056091,1.476851852,0.178841159,1.301817238,1.279568601,-0.162353778,0.81805267,0.887822595,1.378378378
