,dprime,meta_d,m_ratio,m_diff,participant,degrees,validity,stimulus,s,criterion,dprime_metadpy,criterion_metadpy,Hit Rate,False Alarm Rate
0,1.594626178664242,1.456095622084971,0.9351505796628679,-0.10097513609165287,1,30,Valid,1.0,,0.20785729148234267,1.594626178664242,0.20785729148234267,0.7222222222222222,0.1574074074074074
0,1.6988716630741059,0.45454300259705716,0.2985546368541984,-1.0679354535624996,1,30,Invalid,,,0.3009135488389549,1.6988716630741059,0.3009135488389549,0.7083333333333334,0.125
0,2.6146202098422116,2.125370048283039,0.8500795839270678,-0.3748312134206935,1,10,Valid,,,0.47884545633997116,2.6146202098422116,0.47884545633997116,0.7962962962962963,0.037037037037037035
0,2.5438821976221577,1.5297691787465029,0.7074427856350888,-0.6326236109024741,1,10,Invalid,,,0.4597232973111661,2.5438821976221577,0.4597232973111661,0.7916666666666666,0.041666666666666664
0,2.5960278102028176,0.6707894424389983,0.26693531869979786,-1.8421393288690235,1,20,Valid,,,-0.026943783791569142,2.5960278102028176,-0.026943783791569142,0.9074074074074074,0.10185185185185185
0,2.0574838772967197,2.314153997048955,1.2760559394965145,0.5006331901460568,1,20,Invalid,,,-0.3542521884522782,2.0574838772967197,-0.3542521884522782,0.9166666666666666,0.25
0,0.12318157491573195,0.12365901713866491,1.0247595770781892,0.0029877690677335283,1,40,Valid,,,0.34380693452037414,0.12318157491573195,0.34380693452037414,0.3888888888888889,0.3425925925925926
0,0.6531557383121731,0.4693855140768255,0.7836664499211531,-0.12957532458616905,1,40,Invalid,,,0.2219444135420113,0.6531557383121731,0.2219444135420113,0.5416666666666666,0.2916666666666667
0,3.0007147587693526,3.209440148082886,1.1777707990614315,0.48442764935181115,3,30,Valid,,,-0.8547266301086941,3.0007147587693526,-0.8547266301086941,0.9907407407407407,0.25925925925925924
0,2.280186678820343,1.8640787415389233,0.9666056249960542,-0.06440035410727951,3,30,Invalid,,,-0.5915710567120738,2.280186678820343,-0.5915710567120738,0.9583333333333334,0.2916666666666667
0,2.681935380144666,0.5879511956720865,0.22920530039828674,-1.977221575858119,3,10,Valid,,,0.4451878711887439,2.681935380144666,0.4451878711887439,0.8148148148148148,0.037037037037037035
0,2.882013776498253,1.8837215290810858,0.7700750722369906,-0.562431575977963,3,10,Invalid,,,-0.2906575078731187,2.882013776498253,-0.2906575078731187,0.9583333333333334,0.125
0,3.360254390307834,3.141104633820443,1.022341970604351,0.06864480713094645,3,20,Valid,,,-0.6749568143394533,3.360254390307834,-0.6749568143394533,0.9907407407407407,0.1574074074074074
0,2.7417186375528777,2.6363924761480346,1.2179862183524577,0.47184214181484085,3,20,Invalid,,,-0.9401320194809814,2.467561430996845,-0.8030534162029651,0.9895833333333334,0.3333333333333333
0,0.4052977974019828,0.320279529741354,0.8125525738451598,-0.07388515578259652,3,40,Valid,,,0.6589852214731808,0.4052977974019828,0.6589852214731808,0.32407407407407407,0.19444444444444445
0,0.4438888270840225,0.39127964703546236,0.9641143515428982,-0.014563961048254082,3,40,Invalid,,,0.32657786915608666,0.4438888270840225,0.32657786915608666,0.4583333333333333,0.2916666666666667
0,1.2118843990035555,0.9256240667474951,0.7958516395573554,-0.23743701240328452,4,30,Valid,,,0.8401613934163974,1.2118843990035555,0.8401613934163974,0.4074074074074074,0.07407407407407407
0,1.5212360018743203,0.7352761208799586,0.5967914280225923,-0.49677260896896247,4,30,Invalid,,,0.971046395185085,1.5212360018743203,0.971046395185085,0.4166666666666667,0.041666666666666664
0,3.0068352091505774,3.001619532800672,1.0408396927935093,0.11777531204019498,4,10,Valid,,,0.1784599156823109,3.0068352091505774,0.1784599156823109,0.9074074074074074,0.046296296296296294
0,2.5438821976221577,0.16389992607540646,0.07579563105277116,-1.9984928635735706,4,10,Invalid,,,0.4597232973111661,2.5438821976221577,0.4597232973111661,0.7916666666666666,0.041666666666666664
0,1.5847213080194145,0.4483777731846627,0.2896444891295755,-1.0996502059842286,4,20,Valid,,,0.17506091209199376,1.5847213080194145,0.17506091209199376,0.7314814814814815,0.16666666666666666
0,1.2860609300660761,0.894884340861284,0.76959106358997,-0.2679206645487956,4,20,Invalid,,,0.324391101068663,1.2860609300660761,0.324391101068663,0.625,0.16666666666666666
0,0.19681404361421384,0.894884340861284,0.76959106358997,-0.2679206645487956,4,40,Valid,,,1.2265506670858706,0.19681404361421384,1.2265506670858706,0.12962962962962962,0.09259259259259259
0,0.41889928340360316,0.894884340861284,0.76959106358997,-0.2679206645487956,4,40,Invalid,,,0.7579719243998995,0.41889928340360316,0.7579719243998995,0.2916666666666667,0.16666666666666666
0,2.0423777614516623,0.934242422755598,0.47361273850668273,-1.0383447709531195,5,30,Valid,,,0.0781851845457247,2.0423777614516623,0.0781851845457247,0.8271604938271605,0.13580246913580246
0,2.117770946477709,-0.6959808963515388,-0.3847232892868659,-2.505023696026154,5,30,Invalid,,,-0.09146390713715341,2.117770946477709,-0.09146390713715341,0.875,0.16666666666666666
0,3.9353303011265925,3.042938720207444,0.8453609943083163,-0.5566344097276672,5,10,Valid,,,0.013087246083982595,3.9353303011265925,0.013087246083982595,0.9746835443037974,0.023809523809523808
0,4.378699511044171,1.6080505994453178,0.4930235661356698,-1.6535594125248116,5,10,Invalid,,,-4.440892098500626e-16,3.8006633782744803,0.03759982171558862,0.9857142857142858,0.014285714285714285
0,3.385842314496285,2.2304984631089306,0.7259856255677319,-0.841874300972516,5,20,Valid,,,-0.5580045392546513,3.385842314496285,-0.5580045392546513,0.9878048780487805,0.1282051282051282
0,2.062261582420264,1.8392965900836817,1.0308271327293395,0.055004605826589836,5,20,Invalid,,,-0.18950955763721772,2.062261582420264,-0.18950955763721772,0.8888888888888888,0.2
0,-0.01757215093968889,1.8392965900836817,1.0308271327293395,0.055004605826589836,5,40,Valid,,,0.9172439440072295,-0.01757215093968889,0.9172439440072295,0.17721518987341772,0.18181818181818182
0,-0.07424847601526297,1.8392965900836817,1.0308271327293395,0.055004605826589836,5,40,Invalid,,,0.9660237296549021,-0.07424847601526297,0.9660237296549021,0.15789473684210525,0.17647058823529413
0,1.3764186725997194,0.6895844164719657,0.5206260299670603,-0.6349448555577007,6,30,Valid,,,0.7578942566183154,1.3764186725997194,0.7578942566183154,0.4722222222222222,0.07407407407407407
0,0.648782202137326,0.3636430138573466,0.6312780530413739,-0.21239952731034623,6,30,Invalid,,,0.6430304650330381,0.648782202137326,0.6430304650330381,0.375,0.16666666666666666
0,1.7028885636852733,1.9787802044147231,1.1942564395588906,0.3218662126881193,6,10,Valid,,,0.3691960670047134,1.7028885636852733,0.3691960670047134,0.6851851851851852,0.1111111111111111
0,0.9168512571139881,0.6540112624918184,0.7852458405692089,-0.1788632701739501,6,10,Invalid,,,0.3537921729429188,0.9168512571139881,0.3537921729429188,0.5416666666666666,0.20833333333333334
0,0.893924451364144,0.6540112624918184,0.7852458405692089,-0.1788632701739501,6,20,Valid,,,0.6811814195966917,0.893924451364144,0.6811814195966917,0.4074074074074074,0.12962962962962962
0,0.867161646662473,1.649768918781464,2.0731379967634487,0.853985463286915,6,20,Invalid,,,0.11494145936686137,0.867161646662473,0.11494145936686137,0.625,0.2916666666666667
0,-0.2357739273394246,1.649768918781464,2.0731379967634487,0.853985463286915,6,40,Valid,,,1.5639905565878873,-0.2357739273394246,1.5639905565878873,0.046296296296296294,0.07407407407407407
0,-0.5813150157462372,1.649768918781464,2.0731379967634487,0.853985463286915,6,40,Invalid,,,1.4410068882491265,-0.5813150157462372,1.4410068882491265,0.041666666666666664,0.125
0,4.102804455527916,4.545452180376247,1.2649898533013921,0.9521805280278519,7,30,Valid,,,-0.7803321064541181,3.873400548966953,-0.6656301531736367,0.9976851851851852,0.10185185185185185
0,3.6939854653580584,2.8134124364584308,0.94816929811038,-0.15379230436720048,7,30,Invalid,,,-0.4639986055783911,3.419828258802026,-0.3269200023003749,0.9895833333333334,0.08333333333333333
0,5.6634686684361455,3.6591243307828836,0.774616396611956,-1.0646645623870623,7,10,Valid,,,-3.1086244689504383e-15,5.204660855314227,4.440892098500626e-16,0.9976851851851852,0.0023148148148148147
0,3.6939854653580584,3.4945297799790973,1.1777177799354475,0.5273250391534661,7,10,Invalid,,,-0.4639986055783911,3.419828258802026,-0.3269200023003749,0.9895833333333334,0.08333333333333333
0,4.214728461318714,4.692183884750005,1.2691620971593536,0.9951117020460938,7,20,Valid,,,-0.7243701035587189,3.985324554757751,-0.6096681502782375,0.9976851851851852,0.08333333333333333
0,3.6939854653580584,2.9056107093070707,0.979241731899693,-0.06159403151856058,7,20,Invalid,,,-0.4639986055783911,3.419828258802026,-0.3269200023003749,0.9895833333333334,0.08333333333333333
0,2.679215498841944,1.7549322683369049,0.690266807726405,-0.7874647420557661,7,40,Valid,,,-0.574898075634585,2.679215498841944,-0.574898075634585,0.9722222222222222,0.2222222222222222
0,2.350415693202339,1.245742999422541,0.6024474831021339,-0.8220604761732697,7,40,Invalid,,,-0.2077862804994685,2.350415693202339,-0.2077862804994685,0.9166666666666666,0.16666666666666666
0,1.9377174302679423,0.3601946533292482,0.19820014306693418,-1.4571332645805126,8,30,Valid,,,0.9456471099215862,1.9377174302679423,0.9456471099215862,0.5092592592592593,0.027777777777777776
0,1.468988744340383,-0.6316200163849397,-0.4808834950962588,-1.9450774812923346,8,30,Invalid,,,0.41585500820581633,1.468988744340383,0.41585500820581633,0.625,0.125
0,3.421190132067848,0.9227081638800477,0.3139164461069529,-2.0166350126978254,8,10,Valid,,,1.1211392681841457,3.1917862255068923,1.0064373149036678,0.7222222222222222,0.0023148148148148147
0,2.985481088453501,0.5948280009342388,0.2495119331506483,-1.7891381421804409,8,10,Invalid,,,0.8182507940306689,2.71132388189747,0.6811721907526533,0.75,0.010416666666666666
0,4.156692023111048,0.8030152120280211,0.2203999206670455,-2.8404308001015512,8,20,Valid,,,0.7533883226625459,3.927288116550092,0.638686369382068,0.9074074074074074,0.0023148148148148147
0,4.042655734379665,-0.07594510893277953,-0.023770716927570313,-3.2708470197243336,8,20,Invalid,,,-0.2896634710675876,3.768498527823633,-0.15258486778957137,0.9895833333333334,0.041666666666666664
0,0.3212870070325067,-0.07594510893277953,-0.023770716927570313,-3.2708470197243336,8,40,Valid,,,1.7538623215393039,0.3212870070325067,1.7538623215393039,0.05555555555555555,0.027777777777777776
0,-0.348670269021607,-0.07594510893277953,-0.023770716927570313,-3.2708470197243336,8,40,Invalid,,,1.5573292616114416,-0.348670269021607,1.5573292616114416,0.041666666666666664,0.08333333333333333
0,0.6130182363344183,0.1586223209042463,0.28775365921220497,-0.39262113274466004,9,30,Valid,,,1.4796464430938676,0.6130182363344183,1.4796464430938676,0.12037037037037036,0.037037037037037035
0,0.18292781427430682,0.1586223209042463,0.28775365921220497,-0.39262113274466004,9,30,Invalid,,,1.0588854732388544,0.18292781427430682,1.0588854732388544,0.16666666666666666,0.125
0,1.900731023980125,0.1586223209042463,0.28775365921220497,-0.39262113274466004,9,10,Valid,,,1.8813688222280072,1.6713271174191693,1.7666668689475293,0.17592592592592593,0.0023148148148148147
0,1.6365015880613378,0.1586223209042463,0.28775365921220497,-0.39262113274466004,9,10,Invalid,,,1.4927405442267505,1.3623443815053067,1.355661940948735,0.25,0.010416666666666666
0,1.588905671696526,0.8813315255611225,0.5832708288401047,-0.6296844244628874,9,20,Valid,,,0.8874246844093368,1.588905671696526,0.8874246844093368,0.46296296296296297,0.046296296296296294
0,0.7196220810805503,0.4218908498011593,0.6757271028493272,-0.20246008717055486,9,20,Invalid,,,0.7905383398357327,0.7196220810805503,0.7905383398357327,0.3333333333333333,0.125
0,0.5488100231504547,0.4218908498011593,0.6757271028493272,-0.20246008717055486,9,40,Valid,,,1.3188138064478232,0.5488100231504547,1.3188138064478232,0.14814814814814814,0.05555555555555555
0,-0.348670269021607,-0.05166343680275817,0.22689538394565972,0.17603373316316454,9,40,Invalid,,,1.5573292616114416,-0.348670269021607,1.5573292616114416,0.041666666666666664,0.08333333333333333
0,0.9914191378585118,1.0286776345494388,1.058465978266573,0.05682057379243455,10,30,Valid,,,-0.03937324615706639,0.9914191378585118,-0.03937324615706639,0.7037037037037037,0.32407407407407407
0,2.350415693202339,0.5411628971683514,0.2617090567624771,-1.5266405784274593,10,30,Invalid,,,0.2077862804994685,2.350415693202339,0.2077862804994685,0.8333333333333334,0.08333333333333333
0,1.624647220358527,1.282703720198152,0.8077845319000125,-0.305224334305527,10,10,Valid,,,0.016141038401871033,1.624647220358527,0.016141038401871033,0.7870370370370371,0.2037037037037037
0,1.2230120328941796,0.7171359860819377,0.6417075455902321,-0.400407341887391,10,10,Invalid,,,-0.06298373374899191,1.2230120328941796,-0.06298373374899191,0.75,0.2916666666666667
0,1.5655559090026858,0.8036653499697071,0.5251050636474369,-0.7268195103120814,10,20,Valid,,,-0.07885616567282938,1.5655559090026858,-0.07885616567282938,0.8055555555555556,0.24074074074074073
0,1.2429451007953705,0.709421713834021,0.6266748114536763,-0.42261949935659604,10,20,Invalid,,,-0.19074525110222765,1.2429451007953705,-0.19074525110222765,0.7916666666666666,0.3333333333333333
0,-0.1166769184401254,0.709421713834021,0.6266748114536763,-0.42261949935659604,10,40,Valid,,,0.6756382011377762,-0.1166769184401254,0.6756382011377762,0.23148148148148148,0.26851851851851855
0,0.11208793533108241,0.08628861328315426,0.8431227974467095,-0.016055450410139754,10,40,Invalid,,,0.37468333162991635,0.11208793533108241,0.37468333162991635,0.375,0.3333333333333333
0,1.3195441019913783,0.088201245452884,0.06858500541983047,-1.1978122922435315,12,30,Valid,,,-0.4255528570810695,1.3195441019913783,-0.4255528570810695,0.8611111111111112,0.4074074074074074
0,0.8122178014999129,0.6848989651649741,0.9301699841090214,-0.05141695221115561,12,30,Invalid,,,-0.4061089007499564,0.8122178014999129,-0.4061089007499564,0.7916666666666666,0.5
0,1.7812940116651674,0.23636915985254164,0.1367079529553351,-1.4926389537410223,12,10,Valid,,,-0.4343106830603942,1.7812940116651674,-0.4343106830603942,0.9074074074074074,0.32407407407407407
0,0.29293181590561934,-0.08966726882423061,-0.35262831432887876,-0.3439499375171434,12,10,Invalid,,,-0.8209556581488914,0.29293181590561934,-0.8209556581488914,0.8333333333333334,0.75
0,1.8264292346818063,0.48550350036361956,0.2749135414912034,-1.2805190015841594,12,20,Valid,,,-0.532888975577272,1.8264292346818063,-0.532888975577272,0.9259259259259259,0.35185185185185186
0,0.9399209861280831,0.6195214144015909,0.7499822608752609,-0.2065266759606843,12,20,Invalid,,,-0.6803888873119663,0.9399209861280831,-0.6803888873119663,0.875,0.5833333333333334
0,0.28135492963328,0.1621266322436915,0.5871247384943222,-0.11400997317250039,12,40,Valid,,,-0.1174658596042551,0.28135492963328,-0.1174658596042551,0.6018518518518519,0.49074074074074076
0,0.5485222826980981,-0.30674725874396125,-0.6105611091533822,-0.8091494821173167,12,40,Invalid,,,-0.27426114134904905,0.5485222826980981,-0.27426114134904905,0.7083333333333334,0.5
0,3.829011650111114,3.106154776426844,0.8654467213892085,-0.48292205483189354,13,30,Valid,,,2.220446049250313e-16,3.829011650111114,2.220446049250313e-16,0.9722222222222222,0.027777777777777776
0,3.6939854653580584,3.4198765909425575,1.1525583468806972,0.45267185011692623,13,30,Invalid,,,-0.4639986055783911,3.419828258802026,-0.3269200023003749,0.9895833333333334,0.08333333333333333
0,4.917089900249905,2.7482999253505622,0.641470604445433,-1.5360739903123926,13,10,Valid,,,-0.3731893840931235,4.687685993688942,-0.25848743081264214,0.9976851851851852,0.018518518518518517
0,3.6939854653580575,3.6271116592990684,1.2224001968565932,0.6599069184734372,13,10,Invalid,,,0.4639986055783907,3.4198282588020263,0.3269200023003751,0.9166666666666666,0.010416666666666666
0,4.1707111320636585,5.066847258383639,1.3177896929150803,1.2218883202276767,13,20,Valid,,,-2.220446049250313e-16,4.1707111320636585,-2.220446049250313e-16,0.9814814814814815,0.018518518518518517
0,3.46332879224449,3.9302475830102734,1.3779928906449266,1.0780938384645786,13,20,Invalid,,,-1.1102230246251565e-16,3.46332879224449,-1.1102230246251565e-16,0.9583333333333334,0.041666666666666664
0,2.613227333914267,3.9302475830102734,1.3779928906449266,1.0780938384645786,13,40,Valid,,,1.0484703425362385,2.613227333914267,1.0484703425362385,0.6018518518518519,0.009259259259259259
0,1.8137214263960955,0.7865899621749338,0.4934367329014702,-0.8075150359464781,13,40,Invalid,,,0.47613341390259034,1.8137214263960955,0.47613341390259034,0.6666666666666666,0.08333333333333333
0,1.790437066844372,0.3421595405493455,0.196196500747379,-1.4018039819698829,16,30,Valid,,,0.2779187915044725,1.790437066844372,0.2779187915044725,0.7314814814814815,0.12037037037037036
0,1.779639367601614,-0.1180659491287769,-0.0735274526843638,-1.7238056397937926,16,30,Invalid,,,-0.0776018823008941,1.779639367601614,-0.0776018823008941,0.8333333333333334,0.20833333333333334
0,0.24449390307903407,-0.1180659491287769,-0.0735274526843638,-1.7238056397937926,16,10,Valid,,,1.3933170728493567,0.24449390307903407,1.3933170728493567,0.10185185185185185,0.06481481481481481
0,0.7085043769045564,-0.017737053232132163,-0.030411315886405922,-0.6009756509430834,16,10,Invalid,,,1.0287419386483598,0.7085043769045564,1.0287419386483598,0.25,0.08333333333333333
0,1.9705884381689596,0.2579694637398678,0.1347995626929881,-1.6557568020300333,16,20,Valid,,,0.33966346980849776,1.9705884381689596,0.33966346980849776,0.7407407407407407,0.09259259259259259
0,2.280186678820343,-0.14011361644148668,-0.0726549832755832,-2.0685927120876895,16,20,Invalid,,,0.5915710567120736,2.280186678820343,0.5915710567120736,0.7083333333333334,0.041666666666666664
0,0.2548504818218744,-0.14011361644148668,-0.0726549832755832,-2.0685927120876895,16,40,Valid,,,1.255568886189701,0.2548504818218744,1.255568886189701,0.12962962962962962,0.08333333333333333
0,0.0,-0.14011361644148668,-0.0726549832755832,-2.0685927120876895,16,40,Invalid,,,1.382994127100638,0.0,1.382994127100638,0.08333333333333333,0.08333333333333333
0,0.9168512571139881,0.9426784631184515,1.0629734112574991,0.05584681414685444,17,30,Valid,,,0.3537921729429188,0.9168512571139881,0.3537921729429188,0.5416666666666666,0.20833333333333334
0,0.9931291141604568,0.9259108014636462,1.0622239328315397,0.05423885655135974,17,30,Invalid,,,0.17792519311585328,0.9931291141604568,0.17792519311585328,0.625,0.25
0,2.101862179923354,2.929404500970635,1.4582208845616058,0.920515085118303,17,10,Valid,,,-0.3320630371389611,2.101862179923354,-0.3320630371389611,0.9166666666666666,0.2361111111111111
0,1.8527599083169215,2.141140135564077,1.424713631269092,0.6382836396542191,17,10,Invalid,,,-0.6077405901940856,1.8527599083169215,-0.6077405901940856,0.9375,0.375
0,0.9868923120792916,0.6244390603885923,0.6521687081555828,-0.33304180703080055,17,20,Valid,,,0.13795573820011506,0.9868923120792916,0.13795573820011506,0.6388888888888888,0.2638888888888889
0,0.887146559018876,2.1353608896792737,2.7923811648756027,1.3706512158928867,17,20,Invalid,,,-0.443573279509438,0.887146559018876,-0.443573279509438,0.8125,0.5
0,-0.22308923715144272,2.1353608896792737,2.7923811648756027,1.3706512158928867,17,40,Valid,,,0.3577082652370808,-0.22308923715144272,0.3577082652370808,0.3194444444444444,0.4027777777777778
0,-0.35585038623170656,2.1353608896792737,2.7923811648756027,1.3706512158928867,17,40,Invalid,,,0.4965645570802284,-0.35585038623170656,0.4965645570802284,0.25,0.375
0,1.1895757471482393,2.1353608896792737,2.7923811648756027,1.3706512158928867,18,30,Valid,,,1.4905676924577091,1.1895757471482393,1.4905676924577091,0.18518518518518517,0.018518518518518517
0,1.177849960349626,-0.3167057750292937,-0.29780921012964806,-1.380157690742106,18,30,Invalid,,,0.3784965859268881,1.177849960349626,0.3784965859268881,0.5833333333333334,0.16666666666666666
0,3.000714758769354,0.5767115829686377,0.21163630744342946,-2.148300915762437,18,10,Valid,,,0.8547266301086951,3.000714758769354,0.8547266301086951,0.7407407407407407,0.009259259259259259
0,1.4867075516959947,0.5536163729431935,0.40964408334297847,-0.7978406490289092,18,10,Invalid,,,0.06886402565191557,1.4867075516959947,0.06886402565191557,0.75,0.20833333333333334
0,3.0163588762697735,0.643746737097722,0.2273970280246403,-2.1871906005176442,18,20,Valid,,,0.5771761278969421,3.0163588762697735,0.5771761278969421,0.8240740740740741,0.018518518518518517
0,2.765988254201276,0.01976431680688237,0.008246266508367649,-2.376995087806967,18,20,Invalid,,,-0.0,2.765988254201276,-0.0,0.9166666666666666,0.08333333333333333
0,0.0,0.01976431680688237,0.008246266508367649,-2.376995087806967,18,40,Valid,,,1.6818775202575997,0.0,1.6818775202575997,0.046296296296296294,0.046296296296296294
0,-0.47585963017992616,-0.34120743581731755,0.8426224648433742,0.06372769237291037,18,40,Invalid,,,0.9124195652860447,-0.47585963017992616,0.9124195652860447,0.125,0.25
0,2.9592928861877352,2.248824264535652,0.7946376039138048,-0.5811755409852362,19,30,Valid,,,0.30650911816720916,2.9592928861877352,0.30650911816720916,0.8796296296296297,0.037037037037037035
0,1.3009370968267875,0.9558534529073922,0.9276964045544132,-0.07449812355096797,19,30,Invalid,,,1.0811958477088512,1.3009370968267875,1.0811958477088512,0.3333333333333333,0.041666666666666664
0,3.410313254924807,3.5159880706325173,1.097363924580925,0.31195703600993596,19,10,Valid,,,0.38019893856942544,3.410313254924807,0.38019893856942544,0.9074074074074074,0.018518518518518517
0,2.1005629440094946,-0.18055582104400172,-0.11465340164928471,-1.755352717138782,19,10,Invalid,,,1.2607098662526721,1.8264057374534635,1.1236312629746565,0.4166666666666667,0.010416666666666666
0,2.976212945123689,2.2151013187917177,0.7744776172502218,-0.6450217750898353,19,20,Valid,,,0.10511234546120629,2.976212945123689,0.10511234546120629,0.9166666666666666,0.05555555555555555
0,1.9923519742930442,-0.13514256776628375,-0.09159452036079353,-1.610586374163797,19,20,Invalid,,,1.3148153511108973,1.718194767737013,1.1777367478328817,0.375,0.010416666666666666
0,0.4031614341604388,0.0763833444287782,0.21489564410280998,-0.2790605490371825,19,40,Valid,,,1.5845748441808576,0.4031614341604388,1.5845748441808576,0.08333333333333333,0.037037037037037035
0,0.348670269021607,-0.15175108633812978,-0.6664601336979328,-0.3794482563040525,19,40,Invalid,,,1.5573292616114416,0.348670269021607,1.5573292616114416,0.08333333333333333,0.041666666666666664
0,2.0589343492508165,1.956006122855498,0.9781985817757001,-0.04359412120211226,20,30,Valid,,,-0.29549051426756956,2.0589343492508165,-0.29549051426756956,0.9074074074074074,0.23148148148148148
0,1.779639367601614,0.8598103258815163,0.5354605923239193,-0.7459293647834994,20,30,Invalid,,,0.0776018823008941,1.779639367601614,0.0776018823008941,0.7916666666666666,0.16666666666666666
0,3.430069849444431,0.4721203985752664,0.14525376149971844,-2.77819404217112,20,10,Valid,,,0.1994709003333418,3.430069849444431,0.1994709003333418,0.9351851851851852,0.027777777777777776
0,3.114658523222883,2.2395119989379983,0.8533240826423615,-0.38494457564177376,20,10,Invalid,,,-0.17433513451080362,3.114658523222883,-0.17433513451080362,0.9583333333333334,0.08333333333333333
0,2.9592928861877352,1.3813750806608636,0.48811843660413523,-1.4486247248600264,20,20,Valid,,,-0.30650911816720894,2.9592928861877352,-0.30650911816720894,0.9629629629629629,0.12037037037037036
0,2.543882197622158,1.9651532631389843,0.9087864483020169,-0.19723952650999266,20,20,Invalid,,,-0.45972329731116623,2.543882197622158,-0.45972329731116623,0.9583333333333334,0.20833333333333334
0,0.7570100407995756,0.5854967699017161,0.7893565220541013,-0.15624255009288956,20,40,Valid,,,0.23879472151792563,0.7570100407995756,0.23879472151792563,0.5555555555555556,0.26851851851851855
0,0.8344718444025402,-0.12426460379267029,-0.17854687479698075,-0.8202420827262396,20,40,Invalid,,,0.965758204899368,0.8344718444025402,0.965758204899368,0.2916666666666667,0.08333333333333333
0,3.767233086289429,3.069124336683276,0.8707298595361354,-0.45564778761058156,22,30,Valid,,,0.20173902288711432,3.767233086289429,0.20173902288711432,0.9537037037037037,0.018518518518518517
0,3.6939854653580575,0.7274023334801625,0.2451473346182917,-2.2398024073454685,22,30,Invalid,,,0.4639986055783907,3.4198282588020263,0.3269200023003751,0.9166666666666666,0.010416666666666666
0,3.871511127292905,3.646822561487031,1.0093331080153365,0.03372146282415134,22,10,Valid,,,0.14960000238537619,3.871511127292905,0.14960000238537619,0.9629629629629629,0.018518518518518517
0,3.114658523222883,2.74599616334176,1.0463103828576203,0.1215395887619879,22,10,Invalid,,,0.1743351345108035,3.114658523222883,0.1743351345108035,0.9166666666666666,0.041666666666666664
0,4.440439575525201,0.7806640472356505,0.19442151023483642,-3.234653220348105,22,20,Valid,,,0.1348642217307714,4.440439575525201,0.1348642217307714,0.9814814814814815,0.009259259259259259
0,2.699085962223946,1.5757580352529919,0.6864550608163245,-0.7197426103087416,22,20,Invalid,,,0.382121415010272,2.699085962223946,0.382121415010272,0.8333333333333334,0.041666666666666664
0,1.492539317688702,1.5757580352529919,0.6864550608163245,-0.7197426103087416,22,40,Valid,,,0.6998339340738241,1.492539317688702,0.6998339340738241,0.5185185185185185,0.07407407407407407
0,1.382994127100638,-0.03391592748290997,-0.02830148693074538,-1.2322956297898346,22,40,Invalid,,,0.691497063550319,1.382994127100638,0.691497063550319,0.5,0.08333333333333333
0,1.942257430810691,0.07286952509045064,0.0386342712567155,-1.8132673870373868,23,30,Valid,,,0.353828973487632,1.942257430810691,0.353828973487632,0.7314814814814815,0.09259259259259259
0,1.94209279037017,0.5977601473433106,0.3689638276042187,-1.0223448673534632,23,30,Invalid,,,0.7606180009371601,1.94209279037017,0.7606180009371601,0.5833333333333334,0.041666666666666664
0,1.4058299194974457,0.5977601473433106,0.3689638276042187,-1.0223448673534632,23,10,Valid,,,1.0832406015123541,1.4058299194974457,1.0832406015123541,0.35185185185185186,0.037037037037037035
0,0.764242830020544,0.5977601473433106,0.3689638276042187,-1.0223448673534632,23,10,Invalid,,,1.349542981111973,0.764242830020544,1.349542981111973,0.16666666666666666,0.041666666666666664
0,2.348783994126114,0.671455663590968,0.2943782250802628,-1.6094727692368824,23,20,Valid,,,0.04624835178429321,2.348783994126114,0.04624835178429321,0.8703703703703703,0.1111111111111111
0,1.3981488653971585,0.600238405544216,0.47444085460191054,-0.6649106635591573,23,20,Invalid,,,-0.2683471334031218,1.3981488653971585,-0.2683471334031218,0.8333333333333334,0.3333333333333333
0,-0.14353626064029135,0.13122432170028972,-0.9508954065834905,0.26922511631109847,23,40,Valid,,,0.933402250494318,-0.14353626064029135,0.933402250494318,0.1574074074074074,0.19444444444444445
0,0.338131578876095,-0.2154116983043456,-0.7591325728301599,-0.49917201371441755,23,40,Invalid,,,0.9812835909379604,0.338131578876095,0.9812835909379604,0.20833333333333334,0.125
0,3.360254390307834,2.62094402710515,0.8530441974660921,-0.45151579958434684,24,30,Valid,,,-0.6749568143394533,3.360254390307834,-0.6749568143394533,0.9907407407407407,0.1574074074074074
0,2.1952119286005507,1.975554823098443,1.0211191894992155,0.040859203415388734,24,30,Invalid,,,-0.2853881628003626,2.1952119286005507,-0.2853881628003626,0.9166666666666666,0.20833333333333334
0,4.51361185447567,4.098523847874562,1.0338875897186304,0.13433674607371326,24,10,Valid,,,0.5749284069802347,4.284207947914714,0.4602264536997569,0.9537037037037037,0.0023148148148148147
0,3.114658523222883,3.469683765198613,1.322057982900395,0.8452271906188411,24,10,Invalid,,,0.1743351345108035,3.114658523222883,0.1743351345108035,0.9166666666666666,0.041666666666666664
0,3.3606094179737322,3.1635969689123584,0.9925061125477157,-0.02388664344702196,24,20,Valid,,,-0.23420111606869087,3.3606094179737322,-0.23420111606869087,0.9722222222222222,0.07407407407407407
0,2.882013776498253,2.4995686578741383,1.0218365533639808,0.05341555281508947,24,20,Invalid,,,-0.2906575078731187,2.882013776498253,-0.2906575078731187,0.9583333333333334,0.125
0,1.946291323684331,0.7546247129027963,0.401784234688869,-1.1235592668323906,24,40,Valid,,,0.5424183625467082,1.946291323684331,0.5424183625467082,0.6666666666666666,0.06481481481481481
0,0.8849181444440065,1.1045842478985497,1.365084315755496,0.29541500087865,24,40,Invalid,,,0.23203067797407845,0.8849181444440065,0.23203067797407845,0.5833333333333334,0.25
0,3.3606094179737322,1.6432803528078646,0.5155415847272407,-1.5442032595515158,26,30,Valid,,,-0.23420111606869087,3.3606094179737322,-0.23420111606869087,0.9722222222222222,0.07407407407407407
0,3.6939854653580575,0.5057346731952603,0.1704414482212436,-2.461470067630371,26,30,Invalid,,,0.4639986055783907,3.4198282588020263,0.3269200023003751,0.9166666666666666,0.010416666666666666
0,3.767233086289429,0.783882196184972,0.22239230467757193,-2.7408899281088854,26,10,Valid,,,0.20173902288711432,3.767233086289429,0.20173902288711432,0.9537037037037037,0.018518518518518517
0,3.6939854653580584,1.3368293918553265,0.4505349339268549,-1.6303753489703048,26,10,Invalid,,,-0.4639986055783911,3.419828258802026,-0.3269200023003749,0.9895833333333334,0.08333333333333333
0,3.275096338280651,1.057202181648449,0.338062589819165,-2.070035831330044,26,20,Valid,,,-0.04432935111727476,3.275096338280651,-0.04432935111727476,0.9537037037037037,0.05555555555555555
0,2.765988254201276,1.0458571542033512,0.4363630125702388,-1.3509022504104982,26,20,Invalid,,,-0.0,2.765988254201276,-0.0,0.9166666666666666,0.08333333333333333
0,0.7298344902372279,1.0458571542033512,0.4363630125702388,-1.3509022504104982,26,40,Valid,,,0.7204076629581448,0.7298344902372279,0.7204076629581448,0.3611111111111111,0.1388888888888889
0,0.41889928340360316,0.3341236515316799,0.9103652131831984,-0.03289789838385071,26,40,Invalid,,,0.7579719243998995,0.41889928340360316,0.7579719243998995,0.2916666666666667,0.16666666666666666
0,0.23676873737214582,-0.06661180135541256,-0.28675751793167203,-0.2989049312299872,29,30,Valid,,,0.1880692890045286,0.23676873737214582,0.1880692890045286,0.4722222222222222,0.37962962962962965
0,-0.3380938884501732,-0.06661180135541256,-0.28675751793167203,-0.2989049312299872,29,30,Invalid,,,0.3794753384730113,-0.3380938884501732,0.3794753384730113,0.2916666666666667,0.4166666666666667
0,0.4331247175598046,-0.12269103866771858,-0.28891113612470143,-0.5473580844362901,29,10,Valid,,,0.2397739639922872,0.4331247175598046,0.2397739639922872,0.49074074074074076,0.32407407407407407
0,-0.35585038623170656,0.1119328992961188,-0.3478771247489607,0.43369277177089904,29,10,Invalid,,,0.4965645570802284,-0.35585038623170656,0.4965645570802284,0.25,0.375
0,0.14250584818064602,-0.21945852149047887,-1.5698434224329467,-0.3592549612846856,29,20,Valid,,,0.21096322297218512,0.14250584818064602,0.21096322297218512,0.4444444444444444,0.3888888888888889
0,0.21400590835029976,-0.21945852149047887,-1.5698434224329467,-0.3592549612846856,29,20,Invalid,,,0.21163640978922527,0.21400590835029976,0.21163640978922527,0.4583333333333333,0.375
0,0.0,-0.21945852149047887,-1.5698434224329467,-0.3592549612846856,29,40,Valid,,,0.33087257172641926,0.0,0.33087257172641926,0.37037037037037035,0.37037037037037035
0,-0.22029890504753286,-0.21945852149047887,-1.5698434224329467,-0.3592549612846856,29,40,Invalid,,,0.3205778467716911,-0.22029890504753286,0.3205778467716911,0.3333333333333333,0.4166666666666667
0,0.7888482324845589,0.26783426976131125,0.35598290526999476,-0.484545313067737,31,30,Valid,,,0.8871274493023209,0.7888482324845589,0.8871274493023209,0.3111111111111111,0.1
0,0.7830862863579902,-0.4966793193234809,-0.7319459655227816,-1.175253070281634,31,30,Invalid,,,0.6448902463147947,0.7830862863579902,0.6448902463147947,0.4,0.15
0,2.1445073695916625,1.0180692562734106,0.49076560295088095,-1.0563818669348017,31,10,Valid,,,0.1483866640515188,2.1445073695916625,0.1483866640515188,0.8222222222222222,0.1111111111111111
0,2.9264051924960723,0.9898572232369586,0.40701679078063696,-1.4421240749754913,31,10,Invalid,,,-0.1816510307034359,2.9264051924960723,-0.1816510307034359,0.95,0.1
0,1.6885766945306995,1.6040109200841188,0.9769387719754861,-0.03786364370314743,31,20,Valid,,,0.07957867347896269,1.6885766945306995,0.07957867347896269,0.7777777777777778,0.17777777777777778
0,2.0728667789875797,1.7031640778789199,0.9373929913893583,-0.11375165919585051,31,20,Invalid,,,-0.0,2.0728667789875797,-0.0,0.85,0.15
0,0.07691155978652708,1.7031640778789199,0.9373929913893583,-0.11375165919585051,31,40,Valid,,,0.8031654536796506,0.07691155978652708,0.8031654536796506,0.2222222222222222,0.2
0,-0.16713148337683248,1.7031640778789199,0.9373929913893583,-0.11375165919585051,31,40,Invalid,,,0.758055491884498,-0.16713148337683248,0.758055491884498,0.2,0.25
0,1.0659076024636307,0.17085308799398083,0.2029319270419647,-0.6710700656685268,32,30,Valid,,,1.7535941500791654,1.0659076024636307,1.7535941500791654,0.1111111111111111,0.011111111111111112
0,0.0,0.17085308799398083,0.2029319270419647,-0.6710700656685268,32,30,Invalid,,,1.2815515655446004,0.0,1.2815515655446004,0.1,0.1
0,2.454441956099086,0.2961552704837977,0.13564589403722513,-1.8871417071786754,32,10,Valid,,,1.0593269732614377,2.454441956099086,1.0593269732614377,0.5666666666666667,0.011111111111111112
0,2.31798495503839,-0.5586938161970534,-0.27861395410237166,-2.5639552468279523,32,10,Invalid,,,0.12255908802540527,2.31798495503839,0.12255908802540527,0.85,0.1
0,1.9485536397289944,-0.25547504769870494,-0.13543959791560423,-2.1417405980283637,32,20,Valid,,,0.24636352898285285,1.9485536397289944,0.24636352898285285,0.7666666666666667,0.1111111111111111
0,1.7109231396898714,0.7155512659904076,0.47292189597728224,-0.7974919491302147,32,20,Invalid,,,-0.18097181964885406,1.7109231396898714,-0.18097181964885406,0.85,0.25
0,0.3116672524784503,-0.31398949138413557,-1.1258339670939799,-0.5928845154831243,32,40,Valid,,,1.4373851917838256,0.3116672524784503,1.4373851917838256,0.1,0.05555555555555555
0,1.3997814940320308,-0.31398949138413557,-1.1258339670939799,-0.5928845154831243,32,40,Invalid,,,1.5415119805889297,1.1183427509671402,1.4007926090564844,0.2,0.0125
0,1.3128476238085207,0.30835214642925707,0.24155454806751658,-0.9681800029181027,33,30,Valid,,,0.5167135130223982,1.3128476238085207,0.5167135130223982,0.5555555555555556,0.12037037037037036
0,0.967421566101701,0.45447161756617926,0.5227273874131465,-0.41495215572270683,33,30,Invalid,,,0.4837107830508505,0.967421566101701,0.4837107830508505,0.5,0.16666666666666666
0,3.5077246430786078,3.2041319772784145,0.9652500798352451,-0.1153517961135706,33,10,Valid,,,-0.16064350351625312,3.5077246430786078,-0.16064350351625312,0.9722222222222222,0.05555555555555555
0,3.114658523222883,0.09668946629805467,0.03684170934073717,-2.5277671082817172,33,10,Invalid,,,-0.17433513451080362,3.114658523222883,-0.17433513451080362,0.9583333333333334,0.08333333333333333
0,1.8320654341072773,1.3905775239391553,0.7787439522096997,-0.39508966486323227,33,20,Valid,,,-0.21211092822512506,1.8320654341072773,-0.21211092822512506,0.8703703703703703,0.24074074074074073
0,2.280186678820343,1.5011706903317945,0.7784220703874293,-0.4273084053144083,33,20,Invalid,,,-0.5915710567120738,2.280186678820343,-0.5915710567120738,0.9583333333333334,0.2916666666666667
0,-0.162353778253288,1.5011706903317945,0.7784220703874293,-0.4273084053144083,33,40,Valid,,,1.301817237973994,-0.162353778253288,1.301817237973994,0.08333333333333333,0.1111111111111111
0,-0.338131578876095,1.5011706903317945,0.7784220703874293,-0.4273084053144083,33,40,Invalid,,,0.9812835909379604,-0.338131578876095,0.9812835909379604,0.125,0.20833333333333334
